,label,age,session,condition
0,airplane,4,IPAD1_THU4F10,P
1,airplane,4,IPAD1_THU4F6,P
2,airplane,4,IPAD1_THU4F8,P
3,airplane,4,IPAD1_THU4M5,P
4,airplane,4,IPAD1_THU4M7,S
5,airplane,4,IPAD1_THU4M9,S
6,airplane,4,IPAD1_THU5M4,P
7,airplane,4,IPAD2_THU4F03,S
8,airplane,4,IPAD2_THU4F09,S
9,airplane,4,IPAD2_THU4M04,S
10,airplane,4,IPAD2_THU5F04,S
11,airplane,4,IPAD2_THU5M03,P
12,airplane,4,IPAD2_THU5M03,S
13,airplane,4,IPAD3_THU4F6,S
14,airplane,4,IPAD3_THU4F8,S
15,airplane,4,IPAD3_THU4M10,P
16,airplane,4,IPAD3_THU4M5,P
17,airplane,4,IPAD3_THU4M9,S
18,airplane,4,IPAD4_THU4F8,P
19,airplane,4,IPAD4_THU4F9,P
20,airplane,4,IPAD4_THU4M7,P
21,airplane,4,IPAD4_THU5M5,P
22,airplane,4,IPAD5_THU4F8,P
23,airplane,4,IPAD5_THU4M10,S
24,airplane,4,IPAD5_THU4M5,S
25,airplane,4,IPAD5_THU4M7,S
26,airplane,4,IPAD_THU5F6,P
27,airplane,4,photodraw_e21540576907849,S
28,airplane,4,photodraw_e21541799408496,P
29,airplane,4,photodraw_e21547060282520,P
30,airplane,4,photodraw_e21547070395780,P
31,airplane,4,photodraw_e21547071853117,P
32,airplane,4,photodraw_e21547241159990,P
33,airplane,4,photodraw_e21547242197593,P
34,airplane,4,photodraw_e21547243566891,S
35,airplane,4,photodraw_e21547246292717,S
36,airplane,4,photodraw_e21547663022993,P
37,airplane,4,photodraw_e21547664938821,S
38,airplane,4,photodraw_e21547668526141,P
39,airplane,4,photodraw_e21547672389753,S
40,airplane,4,photodraw_e21547673281903,S
41,airplane,4,photodraw_e21547836177154,P
42,airplane,4,photodraw_e21547849860466,P
43,airplane,4,photodraw_e21548445362792,P
44,airplane,4,photodraw_e21548451296118,P
45,airplane,4,photodraw_e21548455224165,P
46,airplane,4,photodraw_e21549564465088,S
47,airplane,5,IPAD1_THU5F2,S
48,airplane,5,IPAD1_THU5F3,S
49,airplane,5,IPAD1_THU5M1,P
50,airplane,5,IPAD2_THU5M01,S
51,airplane,5,IPAD3_THU5F2,S
52,airplane,5,IPAD3_THU5F4,P
53,airplane,5,IPAD3_THU5M1,P
54,airplane,5,IPAD3_THU5M3,S
55,airplane,5,IPAD3_THU5M7,P
56,airplane,5,IPAD4_THU5F2,P
57,airplane,5,IPAD4_THU5F6,S
58,airplane,5,IPAD4_THU5M3,S
59,airplane,5,IPAD4_THU6F4,S
60,airplane,5,IPAD5_THU5F2,P
61,airplane,5,IPAD5_THU5F3,S
62,airplane,5,IPAD5_THU5M9,P
63,airplane,5,IPAD5_THU6M1,S
64,airplane,5,IPAD5_THU6M4,P
65,airplane,5,photodraw_e21541191137910,S
66,airplane,5,photodraw_e21541195324779,S
67,airplane,5,photodraw_e21541616746618,P
68,airplane,5,photodraw_e21542047659207,P
69,airplane,5,photodraw_e21542049031572,S
70,airplane,5,photodraw_e21542053241209,S
71,airplane,5,photodraw_e21542057631101,P
72,airplane,5,photodraw_e21542061442525,P
73,airplane,5,photodraw_e21542218678125,P
74,airplane,5,photodraw_e21542223602317,S
75,airplane,5,photodraw_e21542225408593,P
76,airplane,5,photodraw_e21543430495947,S
77,airplane,5,photodraw_e21543432563054,S
78,airplane,5,photodraw_e21544206692186,P
79,airplane,5,photodraw_e21544647022478,P
80,airplane,5,photodraw_e21544819304302,S
81,airplane,5,photodraw_e21544821083289,P
82,airplane,5,photodraw_e21547062251659,S
83,airplane,5,photodraw_e21547066393058,S
84,airplane,6,IPAD1_1THU6F30,P
85,airplane,6,IPAD1_THU6F19,S
86,airplane,6,IPAD1_THU6F20,P
87,airplane,6,IPAD1_THU6F28,S
88,airplane,6,IPAD1_THU6F32,S
89,airplane,6,IPAD1_THU6F43,P
90,airplane,6,IPAD1_THU6M21,P
91,airplane,6,IPAD1_THU7M44,P
92,airplane,6,IPAD2_THU6F19,P
93,airplane,6,IPAD2_THU6F20,P
94,airplane,6,IPAD2_THU6F32,S
95,airplane,6,IPAD2_THU6M1,P
96,airplane,6,IPAD2_THU6M3,S
97,airplane,6,IPAD2_THU6M30,S
98,airplane,6,IPAD2_THU6M31,S
99,airplane,6,IPAD3_THU6F19,S
100,airplane,6,IPAD3_THU6F21,S
101,airplane,6,IPAD3_THU7M20,S
102,airplane,6,IPAD4_THU6M1,P
103,airplane,6,photodraw_e21540577320461,S
104,airplane,6,photodraw_e21541008354503,P
105,airplane,6,photodraw_e21541017927896,P
106,airplane,6,photodraw_e21541613545900,P
107,airplane,6,photodraw_e21542050776864,P
108,airplane,6,photodraw_e21542220695445,P
109,airplane,6,photodraw_e21542224218088,S
110,airplane,6,photodraw_e21545255128573,P
111,airplane,6,photodraw_e21547073155004,P
112,airplane,6,photodraw_e21547230596884,P
113,airplane,6,photodraw_e21547232670235,S
114,airplane,6,photodraw_e21547237271293,S
115,airplane,6,photodraw_e21547238095569,S
116,airplane,6,photodraw_e21547240775263,P
117,airplane,6,photodraw_e21547668018017,S
118,airplane,6,photodraw_e21547834597252,P
119,airplane,6,photodraw_e21547836732785,P
120,airplane,6,photodraw_e21547845453981,P
121,airplane,6,photodraw_e21547849081297,S
122,airplane,6,photodraw_e21548094649748,S
123,airplane,6,photodraw_e21548097384364,P
124,airplane,7,IPAD1_THU7F15,S
125,airplane,7,IPAD1_THU7F31,S
126,airplane,7,IPAD1_THU7F39,P
127,airplane,7,IPAD1_THU7F40,P
128,airplane,7,IPAD1_THU7F41,P
129,airplane,7,IPAD1_THU7F42,P
130,airplane,7,IPAD1_THU7M18,P
131,airplane,7,IPAD1_THU7M45,P
132,airplane,7,IPAD1_THU7M46,P
133,airplane,7,IPAD1_THU8F29,S
134,airplane,7,IPAD1_THU8F33,P
135,airplane,7,IPAD1_THU8M16,P
136,airplane,7,IPAD2_THU6M4,S
137,airplane,7,IPAD2_THU7F15,S
138,airplane,7,IPAD2_THU7M17,P
139,airplane,7,IPAD2_THU7M18,P
140,airplane,7,IPAD2_THU8M16,S
141,airplane,7,IPAD3_THU7F11,S
142,airplane,7,IPAD_THU6F13,S
143,airplane,7,IPAD_THU7M12,P
144,airplane,7,photodraw_e21542049475400,S
145,airplane,7,photodraw_e21542224706912,S
146,airplane,7,photodraw_e21544820627246,S
147,airplane,7,photodraw_e21545255476223,P
148,airplane,7,photodraw_e21547061122742,P
149,airplane,7,photodraw_e21547069129052,P
150,airplane,7,photodraw_e21547242571962,S
151,airplane,7,photodraw_e21547247873170,S
152,airplane,7,photodraw_e21547667337924,S
153,airplane,7,photodraw_e21547844653939,P
154,airplane,7,photodraw_e21547848462737,P
155,airplane,7,photodraw_e21548096758313,P
156,airplane,7,photodraw_e21548098146005,S
157,airplane,7,photodraw_e21548098930405,S
158,airplane,7,photodraw_e21548106388954,P
159,airplane,7,photodraw_e21548107987673,P
160,airplane,7,photodraw_e21548441283760,P
161,airplane,7,photodraw_e21548451831175,P
162,airplane,7,photodraw_e21548873811739,P
163,airplane,7,photodraw_e21548958550335,S
164,airplane,8,IPAD1_THU8F13,P
165,airplane,8,IPAD1_THU8F14,S
166,airplane,8,IPAD1_THU8F34,P
167,airplane,8,IPAD1_THU8M35,S
168,airplane,8,IPAD1_THU8M36,P
169,airplane,8,IPAD1_THU8M37,P
170,airplane,8,IPAD1_THU9F2,P
171,airplane,8,IPAD1_THU9F38,P
172,airplane,8,IPAD1_THU9M1,S
173,airplane,8,IPAD2_THU8F12,P
174,airplane,8,IPAD2_THU8F14,S
175,airplane,8,IPAD2_THU8F24,P
176,airplane,8,IPAD2_THU8F34,P
177,airplane,8,IPAD2_THU8F36,S
178,airplane,8,IPAD2_THU9F22,S
179,airplane,8,IPAD2_THU9M2,P
180,airplane,8,IPAD3_THU8F16,P
181,airplane,8,IPAD3_THU8M1,P
182,airplane,8,IPAD3_THU8M14,P
183,airplane,8,IPAD3_THU8M17,P
184,airplane,8,IPAD3_THU8M17,S
185,airplane,8,IPAD4_THU8F1,S
186,airplane,8,IPAD4_THU8F11,S
187,airplane,8,IPAD4_THU8F13,S
188,airplane,8,IPAD4_THU8M12,S
189,airplane,8,IPAD5_THU9M2,P
190,airplane,8,IPAD_THU8M21,P
191,airplane,8,photodraw_e21542229353364,P
192,airplane,8,photodraw_e21545166957201,P
193,airplane,8,photodraw_e21547232289747,S
194,airplane,8,photodraw_e21547238752953,S
195,airplane,8,photodraw_e21547677339884,S
196,airplane,8,photodraw_e21547845878342,S
197,airplane,8,photodraw_e21547849501667,P
198,airplane,8,photodraw_e21548096119835,P
199,airplane,8,photodraw_e21548100335223,P
200,airplane,8,photodraw_e21548104824451,S
201,airplane,8,photodraw_e21548105648196,S
202,airplane,8,photodraw_e21548449754672,S
203,airplane,8,photodraw_e21549650853022,P
204,airplane,8,photodraw_e21550687622483,P
205,airplane,8,photodraw_e21550689187843,S
206,airplane,8,photodraw_e21550690726876,S
207,airplane,8,photodraw_e21550694845595,S
208,airplane,8,photodraw_e21550696453174,P
209,airplane,8,photodraw_e21550698482522,S
210,airplane,9,IPAD1_THU9F49,S
211,airplane,9,IPAD1_THU9M11,P
212,airplane,9,IPAD1_THU9M2,P
213,airplane,9,IPAD1_THU9M47,P
214,airplane,9,IPAD2_THU9F35,P
215,airplane,9,IPAD2_THU9F38,P
216,airplane,9,IPAD2_THU9M13,S
217,airplane,9,IPAD2_THU9M23,S
218,airplane,9,IPAD2_THU9M3,S
219,airplane,9,IPAD2_THU9M37,P
220,airplane,9,IPAD2_THU9M39,P
221,airplane,9,IPAD3_THU9F1,P
222,airplane,9,IPAD3_THU9F18,S
223,airplane,9,IPAD3_THU9M15,P
224,airplane,9,IPAD3_THU9M2,P
225,airplane,9,IPAD3_THU9M22,S
226,airplane,9,IPAD5_THU9M46,S
227,airplane,9,IPAD5_THU9M5,P
228,airplane,9,photodraw_e21550773711411,P
229,airplane,9,photodraw_e21552764741235,S
230,airplane,9,photodraw_e21552765156167,S
231,airplane,9,photodraw_e21552766577513,P
232,airplane,9,photodraw_e21553292202608,S
233,airplane,9,photodraw_e21553637857619,P
234,airplane,9,photodraw_e21553793354436,P
235,airplane,9,photodraw_e21553797665751,S
236,airplane,9,photodraw_e21553889536940,P
237,airplane,9,photodraw_e21554324047717,P
238,airplane,9,photodraw_e21554499556910,S
239,airplane,9,photodraw_e21554930039176,S
240,airplane,9,photodraw_e21555004796019,P
241,airplane,9,photodraw_e21555014219148,S
242,airplane,9,photodraw_e21555523952200,S
243,airplane,9,photodraw_e21555531146821,S
244,airplane,9,photodraw_e21555533816883,P
245,airplane,9,photodraw_e21556226883192,P
246,airplane,9,photodraw_e21556311534736,P
247,airplane,10,IPAD1_THU10F40,S
248,airplane,10,IPAD2_THU10M11,S
249,bike,4,IPAD1_THU4F10,S
250,bike,4,IPAD1_THU4F6,S
251,bike,4,IPAD1_THU4F8,P
252,bike,4,IPAD1_THU4M5,S
253,bike,4,IPAD1_THU4M7,P
254,bike,4,IPAD1_THU4M9,P
255,bike,4,IPAD1_THU5M4,P
256,bike,4,IPAD2_THU4F03,P
257,bike,4,IPAD2_THU4F09,P
258,bike,4,IPAD2_THU4M04,P
259,bike,4,IPAD2_THU5F04,P
260,bike,4,IPAD2_THU5M03,P
261,bike,4,IPAD2_THU5M03,S
262,bike,4,IPAD3_THU4F6,P
263,bike,4,IPAD3_THU4F8,S
264,bike,4,IPAD3_THU4M5,P
265,bike,4,IPAD3_THU4M9,P
266,bike,4,IPAD4_THU4F8,S
267,bike,4,IPAD4_THU4F9,S
268,bike,4,IPAD4_THU4M7,P
269,bike,4,IPAD4_THU5M5,S
270,bike,4,IPAD5_THU4F8,P
271,bike,4,IPAD5_THU4M10,P
272,bike,4,IPAD5_THU4M5,S
273,bike,4,IPAD5_THU4M7,S
274,bike,4,IPAD_THU5F6,P
275,bike,4,photodraw_e21540576907849,P
276,bike,4,photodraw_e21541799408496,S
277,bike,4,photodraw_e21547060282520,P
278,bike,4,photodraw_e21547070395780,S
279,bike,4,photodraw_e21547071853117,P
280,bike,4,photodraw_e21547241159990,P
281,bike,4,photodraw_e21547242197593,S
282,bike,4,photodraw_e21547243566891,P
283,bike,4,photodraw_e21547246292717,S
284,bike,4,photodraw_e21547663022993,P
285,bike,4,photodraw_e21547664938821,S
286,bike,4,photodraw_e21547668526141,S
287,bike,4,photodraw_e21547672389753,P
288,bike,4,photodraw_e21547673281903,S
289,bike,4,photodraw_e21547836177154,P
290,bike,4,photodraw_e21547849860466,S
291,bike,4,photodraw_e21548445362792,S
292,bike,4,photodraw_e21548451296118,P
293,bike,4,photodraw_e21548455224165,S
294,bike,4,photodraw_e21549564465088,S
295,bike,5,IPAD1_THU5F2,P
296,bike,5,IPAD1_THU5F3,S
297,bike,5,IPAD1_THU5M1,S
298,bike,5,IPAD2_THU5M01,S
299,bike,5,IPAD3_THU5F2,S
300,bike,5,IPAD3_THU5F4,P
301,bike,5,IPAD3_THU5M1,S
302,bike,5,IPAD3_THU5M3,P
303,bike,5,IPAD3_THU5M7,P
304,bike,5,IPAD4_THU5F2,P
305,bike,5,IPAD4_THU5F6,P
306,bike,5,IPAD4_THU5M3,P
307,bike,5,IPAD4_THU6F4,P
308,bike,5,IPAD5_THU5F2,S
309,bike,5,IPAD5_THU5F3,S
310,bike,5,IPAD5_THU5M9,P
311,bike,5,IPAD5_THU6M1,P
312,bike,5,IPAD5_THU6M4,S
313,bike,5,photodraw_e21541191137910,S
314,bike,5,photodraw_e21541195324779,P
315,bike,5,photodraw_e21541616746618,S
316,bike,5,photodraw_e21542047659207,S
317,bike,5,photodraw_e21542049031572,S
318,bike,5,photodraw_e21542053241209,S
319,bike,5,photodraw_e21542057631101,S
320,bike,5,photodraw_e21542061442525,P
321,bike,5,photodraw_e21542218678125,P
322,bike,5,photodraw_e21542223602317,P
323,bike,5,photodraw_e21542225408593,P
324,bike,5,photodraw_e21543430495947,P
325,bike,5,photodraw_e21543432563054,P
326,bike,5,photodraw_e21544206692186,S
327,bike,5,photodraw_e21544647022478,S
328,bike,5,photodraw_e21544819304302,S
329,bike,5,photodraw_e21544821083289,P
330,bike,5,photodraw_e21547062251659,S
331,bike,5,photodraw_e21547066393058,S
332,bike,6,IPAD1_1THU6F30,S
333,bike,6,IPAD1_THU6F19,S
334,bike,6,IPAD1_THU6F20,S
335,bike,6,IPAD1_THU6F28,S
336,bike,6,IPAD1_THU6F32,P
337,bike,6,IPAD1_THU6F43,S
338,bike,6,IPAD1_THU6M21,S
339,bike,6,IPAD1_THU7M44,S
340,bike,6,IPAD2_THU6F19,P
341,bike,6,IPAD2_THU6F20,P
342,bike,6,IPAD2_THU6F32,P
343,bike,6,IPAD2_THU6M1,S
344,bike,6,IPAD2_THU6M2,S
345,bike,6,IPAD2_THU6M3,P
346,bike,6,IPAD2_THU6M30,S
347,bike,6,IPAD2_THU6M31,S
348,bike,6,IPAD3_THU6F19,S
349,bike,6,IPAD3_THU6F21,S
350,bike,6,IPAD3_THU7M20,S
351,bike,6,IPAD4_THU6M1,S
352,bike,6,photodraw_e21540577320461,P
353,bike,6,photodraw_e21541008354503,S
354,bike,6,photodraw_e21541017927896,S
355,bike,6,photodraw_e21541613545900,S
356,bike,6,photodraw_e21542050776864,P
357,bike,6,photodraw_e21542220695445,P
358,bike,6,photodraw_e21542224218088,P
359,bike,6,photodraw_e21545255128573,P
360,bike,6,photodraw_e21547073155004,P
361,bike,6,photodraw_e21547230596884,S
362,bike,6,photodraw_e21547232670235,P
363,bike,6,photodraw_e21547237271293,S
364,bike,6,photodraw_e21547238095569,S
365,bike,6,photodraw_e21547240775263,S
366,bike,6,photodraw_e21547668018017,S
367,bike,6,photodraw_e21547834597252,P
368,bike,6,photodraw_e21547836732785,S
369,bike,6,photodraw_e21547845453981,S
370,bike,6,photodraw_e21547849081297,P
371,bike,6,photodraw_e21548094649748,P
372,bike,6,photodraw_e21548097384364,P
373,bike,7,IPAD1_THU7F15,S
374,bike,7,IPAD1_THU7F31,P
375,bike,7,IPAD1_THU7F39,P
376,bike,7,IPAD1_THU7F40,S
377,bike,7,IPAD1_THU7F41,S
378,bike,7,IPAD1_THU7F42,S
379,bike,7,IPAD1_THU7M17,S
380,bike,7,IPAD1_THU7M18,S
381,bike,7,IPAD1_THU7M45,P
382,bike,7,IPAD1_THU7M46,P
383,bike,7,IPAD1_THU8F29,P
384,bike,7,IPAD1_THU8F33,S
385,bike,7,IPAD1_THU8M16,P
386,bike,7,IPAD2_THU6M4,P
387,bike,7,IPAD2_THU7F15,P
388,bike,7,IPAD2_THU7M17,S
389,bike,7,IPAD2_THU7M18,P
390,bike,7,IPAD2_THU8M16,P
391,bike,7,IPAD3_THU7F11,S
392,bike,7,IPAD_THU6F13,P
393,bike,7,IPAD_THU7M12,P
394,bike,7,photodraw_e21542049475400,P
395,bike,7,photodraw_e21542224706912,P
396,bike,7,photodraw_e21544820627246,P
397,bike,7,photodraw_e21545255476223,P
398,bike,7,photodraw_e21547061122742,S
399,bike,7,photodraw_e21547069129052,S
400,bike,7,photodraw_e21547242571962,P
401,bike,7,photodraw_e21547247873170,P
402,bike,7,photodraw_e21547667337924,P
403,bike,7,photodraw_e21547844653939,P
404,bike,7,photodraw_e21547848462737,S
405,bike,7,photodraw_e21548096758313,S
406,bike,7,photodraw_e21548098146005,S
407,bike,7,photodraw_e21548098930405,S
408,bike,7,photodraw_e21548106388954,S
409,bike,7,photodraw_e21548107987673,S
410,bike,7,photodraw_e21548441283760,P
411,bike,7,photodraw_e21548451831175,P
412,bike,7,photodraw_e21548873811739,P
413,bike,7,photodraw_e21548958550335,S
414,bike,8,IPAD1_THU8F13,P
415,bike,8,IPAD1_THU8F14,S
416,bike,8,IPAD1_THU8F34,S
417,bike,8,IPAD1_THU8M35,P
418,bike,8,IPAD1_THU8M36,P
419,bike,8,IPAD1_THU8M37,S
420,bike,8,IPAD1_THU9F2,S
421,bike,8,IPAD1_THU9F38,S
422,bike,8,IPAD1_THU9M1,S
423,bike,8,IPAD2_THU8F12,S
424,bike,8,IPAD2_THU8F14,P
425,bike,8,IPAD2_THU8F24,P
426,bike,8,IPAD2_THU8F34,P
427,bike,8,IPAD2_THU8F36,P
428,bike,8,IPAD2_THU9F22,P
429,bike,8,IPAD2_THU9M2,S
430,bike,8,IPAD3_THU8M1,S
431,bike,8,IPAD3_THU8M14,S
432,bike,8,IPAD3_THU8M17,P
433,bike,8,IPAD3_THU8M17,S
434,bike,8,IPAD4_THU8F1,S
435,bike,8,IPAD4_THU8F11,S
436,bike,8,IPAD5_THU9M2,S
437,bike,8,IPAD_THU8M21,P
438,bike,8,photodraw_e21542229353364,S
439,bike,8,photodraw_e21545166957201,P
440,bike,8,photodraw_e21547232289747,P
441,bike,8,photodraw_e21547238752953,P
442,bike,8,photodraw_e21547674347301,S
443,bike,8,photodraw_e21547677339884,P
444,bike,8,photodraw_e21547845878342,P
445,bike,8,photodraw_e21547849501667,S
446,bike,8,photodraw_e21548096119835,S
447,bike,8,photodraw_e21548100335223,P
448,bike,8,photodraw_e21548104824451,P
449,bike,8,photodraw_e21548105648196,P
450,bike,8,photodraw_e21548449754672,S
451,bike,8,photodraw_e21549650853022,P
452,bike,8,photodraw_e21550687622483,S
453,bike,8,photodraw_e21550689187843,P
454,bike,8,photodraw_e21550690726876,P
455,bike,8,photodraw_e21550694845595,S
456,bike,8,photodraw_e21550696453174,S
457,bike,8,photodraw_e21550698482522,P
458,bike,9,IPAD1_THU9F49,P
459,bike,9,IPAD1_THU9M11,S
460,bike,9,IPAD1_THU9M12,P
461,bike,9,IPAD1_THU9M2,P
462,bike,9,IPAD1_THU9M47,P
463,bike,9,IPAD2_THU9F35,S
464,bike,9,IPAD2_THU9F38,P
465,bike,9,IPAD2_THU9M13,P
466,bike,9,IPAD2_THU9M23,P
467,bike,9,IPAD2_THU9M3,P
468,bike,9,IPAD2_THU9M37,S
469,bike,9,IPAD2_THU9M39,S
470,bike,9,IPAD3_THU9F1,S
471,bike,9,IPAD3_THU9F18,S
472,bike,9,IPAD3_THU9M15,P
473,bike,9,IPAD3_THU9M2,P
474,bike,9,IPAD3_THU9M22,P
475,bike,9,IPAD5_THU9M46,S
476,bike,9,IPAD5_THU9M5,S
477,bike,9,photodraw_e21550773711411,P
478,bike,9,photodraw_e21552764741235,S
479,bike,9,photodraw_e21552765156167,S
480,bike,9,photodraw_e21552766577513,S
481,bike,9,photodraw_e21553292202608,P
482,bike,9,photodraw_e21553637857619,P
483,bike,9,photodraw_e21553793354436,P
484,bike,9,photodraw_e21553797665751,P
485,bike,9,photodraw_e21553889536940,S
486,bike,9,photodraw_e21554324047717,P
487,bike,9,photodraw_e21554499556910,P
488,bike,9,photodraw_e21554930039176,P
489,bike,9,photodraw_e21555004796019,S
490,bike,9,photodraw_e21555014219148,P
491,bike,9,photodraw_e21555102208611,P
492,bike,9,photodraw_e21555523952200,P
493,bike,9,photodraw_e21555531146821,P
494,bike,9,photodraw_e21555533816883,S
495,bike,9,photodraw_e21556226883192,S
496,bike,9,photodraw_e21556311534736,P
497,bike,10,IPAD1_THU10F40,S
498,bike,10,IPAD2_THU10M11,S
499,bird,4,IPAD1_THU4F10,P
500,bird,4,IPAD1_THU4F6,S
501,bird,4,IPAD1_THU4F8,P
502,bird,4,IPAD1_THU4M5,S
503,bird,4,IPAD1_THU4M7,P
504,bird,4,IPAD1_THU4M9,S
505,bird,4,IPAD1_THU5M4,S
506,bird,4,IPAD2_THU4F03,S
507,bird,4,IPAD2_THU4F09,P
508,bird,4,IPAD2_THU4M04,S
509,bird,4,IPAD2_THU5F04,S
510,bird,4,IPAD2_THU5M03,S
511,bird,4,IPAD3_THU4F6,S
512,bird,4,IPAD3_THU4F8,P
513,bird,4,IPAD3_THU4M10,S
514,bird,4,IPAD3_THU4M5,S
515,bird,4,IPAD3_THU4M9,P
516,bird,4,IPAD4_THU4F8,P
517,bird,4,IPAD4_THU4F9,S
518,bird,4,IPAD4_THU4M7,P
519,bird,4,IPAD4_THU5M5,P
520,bird,4,IPAD5_THU4F8,S
521,bird,4,IPAD5_THU4M10,P
522,bird,4,IPAD5_THU4M7,P
523,bird,4,IPAD_THU5F6,S
524,bird,4,photodraw_e21540576907849,S
525,bird,4,photodraw_e21541799408496,P
526,bird,4,photodraw_e21547060282520,S
527,bird,4,photodraw_e21547070395780,P
528,bird,4,photodraw_e21547071853117,S
529,bird,4,photodraw_e21547241159990,P
530,bird,4,photodraw_e21547242197593,P
531,bird,4,photodraw_e21547243566891,P
532,bird,4,photodraw_e21547246292717,P
533,bird,4,photodraw_e21547663022993,S
534,bird,4,photodraw_e21547664938821,P
535,bird,4,photodraw_e21547668526141,S
536,bird,4,photodraw_e21547672389753,S
537,bird,4,photodraw_e21547673281903,S
538,bird,4,photodraw_e21547836177154,P
539,bird,4,photodraw_e21547849860466,S
540,bird,4,photodraw_e21548445362792,P
541,bird,4,photodraw_e21548451296118,P
542,bird,4,photodraw_e21548455224165,S
543,bird,4,photodraw_e21549564465088,S
544,bird,5,IPAD1_THU5F2,P
545,bird,5,IPAD1_THU5F3,P
546,bird,5,IPAD1_THU5M1,S
547,bird,5,IPAD2_THU5M01,P
548,bird,5,IPAD3_THU5F2,S
549,bird,5,IPAD3_THU5F4,P
550,bird,5,IPAD3_THU5M1,S
551,bird,5,IPAD3_THU5M3,S
552,bird,5,IPAD3_THU5M7,P
553,bird,5,IPAD4_THU5F2,P
554,bird,5,IPAD4_THU5F6,P
555,bird,5,IPAD4_THU5M3,P
556,bird,5,IPAD4_THU6F4,P
557,bird,5,IPAD5_THU5F2,S
558,bird,5,IPAD5_THU5F3,P
559,bird,5,IPAD5_THU5M9,S
560,bird,5,IPAD5_THU6M1,S
561,bird,5,IPAD5_THU6M4,P
562,bird,5,photodraw_e21541191137910,S
563,bird,5,photodraw_e21541195324779,S
564,bird,5,photodraw_e21541616746618,P
565,bird,5,photodraw_e21542047659207,S
566,bird,5,photodraw_e21542049031572,S
567,bird,5,photodraw_e21542053241209,P
568,bird,5,photodraw_e21542057631101,P
569,bird,5,photodraw_e21542061442525,P
570,bird,5,photodraw_e21542218678125,S
571,bird,5,photodraw_e21542223602317,S
572,bird,5,photodraw_e21542225408593,S
573,bird,5,photodraw_e21543430495947,P
574,bird,5,photodraw_e21543432563054,P
575,bird,5,photodraw_e21544206692186,S
576,bird,5,photodraw_e21544647022478,P
577,bird,5,photodraw_e21544819304302,S
578,bird,5,photodraw_e21544821083289,S
579,bird,5,photodraw_e21547062251659,S
580,bird,5,photodraw_e21547066393058,P
581,bird,6,IPAD1_THU6F19,S
582,bird,6,IPAD1_THU6F20,P
583,bird,6,IPAD1_THU6F28,P
584,bird,6,IPAD1_THU6F32,S
585,bird,6,IPAD1_THU6F43,P
586,bird,6,IPAD1_THU6M21,P
587,bird,6,IPAD1_THU7M44,S
588,bird,6,IPAD2_THU6F19,S
589,bird,6,IPAD2_THU6F20,P
590,bird,6,IPAD2_THU6F32,S
591,bird,6,IPAD2_THU6M1,S
592,bird,6,IPAD2_THU6M2,S
593,bird,6,IPAD2_THU6M3,S
594,bird,6,IPAD2_THU6M30,P
595,bird,6,IPAD2_THU6M31,P
596,bird,6,IPAD3_THU6F19,P
597,bird,6,IPAD3_THU6F21,P
598,bird,6,IPAD3_THU7M20,P
599,bird,6,IPAD4_THU6M1,S
600,bird,6,photodraw_e21540577320461,S
601,bird,6,photodraw_e21541008354503,P
602,bird,6,photodraw_e21541017927896,S
603,bird,6,photodraw_e21541613545900,P
604,bird,6,photodraw_e21542050776864,P
605,bird,6,photodraw_e21542220695445,S
606,bird,6,photodraw_e21542224218088,S
607,bird,6,photodraw_e21545255128573,S
608,bird,6,photodraw_e21547073155004,S
609,bird,6,photodraw_e21547230596884,P
610,bird,6,photodraw_e21547232670235,S
611,bird,6,photodraw_e21547237271293,P
612,bird,6,photodraw_e21547238095569,S
613,bird,6,photodraw_e21547240775263,P
614,bird,6,photodraw_e21547668018017,P
615,bird,6,photodraw_e21547834597252,P
616,bird,6,photodraw_e21547836732785,S
617,bird,6,photodraw_e21547845453981,S
618,bird,6,photodraw_e21547849081297,P
619,bird,6,photodraw_e21548094649748,P
620,bird,6,photodraw_e21548097384364,S
621,bird,7,IPAD1_THU7F15,P
622,bird,7,IPAD1_THU7F31,P
623,bird,7,IPAD1_THU7F39,S
624,bird,7,IPAD1_THU7F40,S
625,bird,7,IPAD1_THU7F41,P
626,bird,7,IPAD1_THU7F42,P
627,bird,7,IPAD1_THU7M17,P
628,bird,7,IPAD1_THU7M18,P
629,bird,7,IPAD1_THU7M45,S
630,bird,7,IPAD1_THU7M46,P
631,bird,7,IPAD1_THU8F29,S
632,bird,7,IPAD1_THU8F33,P
633,bird,7,IPAD1_THU8M16,P
634,bird,7,IPAD2_THU6M4,S
635,bird,7,IPAD2_THU7F15,S
636,bird,7,IPAD2_THU7M17,S
637,bird,7,IPAD2_THU7M18,P
638,bird,7,IPAD2_THU8M16,S
639,bird,7,IPAD3_THU7F11,P
640,bird,7,IPAD_THU6F13,P
641,bird,7,IPAD_THU7M12,P
642,bird,7,photodraw_e21542049475400,S
643,bird,7,photodraw_e21542224706912,S
644,bird,7,photodraw_e21544820627246,P
645,bird,7,photodraw_e21545255476223,P
646,bird,7,photodraw_e21547061122742,S
647,bird,7,photodraw_e21547069129052,S
648,bird,7,photodraw_e21547242571962,S
649,bird,7,photodraw_e21547247873170,S
650,bird,7,photodraw_e21547667337924,S
651,bird,7,photodraw_e21547844653939,P
652,bird,7,photodraw_e21547848462737,P
653,bird,7,photodraw_e21548096758313,P
654,bird,7,photodraw_e21548098146005,P
655,bird,7,photodraw_e21548098930405,P
656,bird,7,photodraw_e21548106388954,P
657,bird,7,photodraw_e21548107987673,P
658,bird,7,photodraw_e21548441283760,S
659,bird,7,photodraw_e21548451831175,S
660,bird,7,photodraw_e21548873811739,S
661,bird,7,photodraw_e21548958550335,S
662,bird,8,IPAD1_THU8F14,P
663,bird,8,IPAD1_THU8F34,S
664,bird,8,IPAD1_THU8M35,S
665,bird,8,IPAD1_THU8M36,S
666,bird,8,IPAD1_THU8M37,S
667,bird,8,IPAD1_THU9F2,P
668,bird,8,IPAD1_THU9F38,P
669,bird,8,IPAD1_THU9M1,S
670,bird,8,IPAD2_THU8F12,S
671,bird,8,IPAD2_THU8F14,P
672,bird,8,IPAD2_THU8F24,P
673,bird,8,IPAD2_THU8F34,S
674,bird,8,IPAD2_THU8F36,P
675,bird,8,IPAD2_THU9F22,S
676,bird,8,IPAD2_THU9M2,P
677,bird,8,IPAD3_THU8F16,S
678,bird,8,IPAD3_THU8M1,S
679,bird,8,IPAD3_THU8M14,P
680,bird,8,IPAD3_THU8M17,P
681,bird,8,IPAD3_THU8M17,S
682,bird,8,IPAD4_THU8F1,P
683,bird,8,IPAD4_THU8F11,P
684,bird,8,IPAD4_THU8F13,S
685,bird,8,IPAD4_THU8M12,P
686,bird,8,IPAD5_THU9M2,S
687,bird,8,IPAD_THU8M21,S
688,bird,8,photodraw_e21542229353364,P
689,bird,8,photodraw_e21545166957201,S
690,bird,8,photodraw_e21547232289747,P
691,bird,8,photodraw_e21547238752953,S
692,bird,8,photodraw_e21547674347301,P
693,bird,8,photodraw_e21547677339884,P
694,bird,8,photodraw_e21547845878342,P
695,bird,8,photodraw_e21547849501667,P
696,bird,8,photodraw_e21548096119835,P
697,bird,8,photodraw_e21548100335223,P
698,bird,8,photodraw_e21548104824451,P
699,bird,8,photodraw_e21548105648196,S
700,bird,8,photodraw_e21548449754672,P
701,bird,8,photodraw_e21549650853022,S
702,bird,8,photodraw_e21550687622483,P
703,bird,8,photodraw_e21550689187843,S
704,bird,8,photodraw_e21550690726876,P
705,bird,8,photodraw_e21550694845595,S
706,bird,8,photodraw_e21550696453174,P
707,bird,8,photodraw_e21550698482522,S
708,bird,9,IPAD1_THU9F49,P
709,bird,9,IPAD1_THU9M11,S
710,bird,9,IPAD1_THU9M12,P
711,bird,9,IPAD1_THU9M2,S
712,bird,9,IPAD1_THU9M47,S
713,bird,9,IPAD2_THU9F38,P
714,bird,9,IPAD2_THU9M13,P
715,bird,9,IPAD2_THU9M23,P
716,bird,9,IPAD2_THU9M3,P
717,bird,9,IPAD2_THU9M37,S
718,bird,9,IPAD2_THU9M39,S
719,bird,9,IPAD3_THU9F1,S
720,bird,9,IPAD3_THU9F18,P
721,bird,9,IPAD3_THU9M15,P
722,bird,9,IPAD3_THU9M2,P
723,bird,9,IPAD3_THU9M22,P
724,bird,9,IPAD5_THU9M46,S
725,bird,9,IPAD5_THU9M5,S
726,bird,9,photodraw_e21550773711411,P
727,bird,9,photodraw_e21552764741235,S
728,bird,9,photodraw_e21552765156167,P
729,bird,9,photodraw_e21552766577513,S
730,bird,9,photodraw_e21553292202608,P
731,bird,9,photodraw_e21553637857619,S
732,bird,9,photodraw_e21553793354436,P
733,bird,9,photodraw_e21553797665751,S
734,bird,9,photodraw_e21553889536940,S
735,bird,9,photodraw_e21554324047717,S
736,bird,9,photodraw_e21554499556910,P
737,bird,9,photodraw_e21554930039176,P
738,bird,9,photodraw_e21555004796019,P
739,bird,9,photodraw_e21555014219148,S
740,bird,9,photodraw_e21555102208611,S
741,bird,9,photodraw_e21555523952200,P
742,bird,9,photodraw_e21555531146821,P
743,bird,9,photodraw_e21555533816883,P
744,bird,9,photodraw_e21556226883192,S
745,bird,9,photodraw_e21556311534736,S
746,bird,10,IPAD1_THU10F40,S
747,bird,10,IPAD2_THU10M11,P
748,car,4,IPAD1_THU4F10,S
749,car,4,IPAD1_THU4F6,P
750,car,4,IPAD1_THU4F8,S
751,car,4,IPAD1_THU4M5,P
752,car,4,IPAD1_THU4M7,P
753,car,4,IPAD1_THU4M9,P
754,car,4,IPAD2_THU4F03,S
755,car,4,IPAD2_THU4F09,P
756,car,4,IPAD2_THU4M04,P
757,car,4,IPAD2_THU5F04,P
758,car,4,IPAD2_THU5M03,P
759,car,4,IPAD2_THU5M03,S
760,car,4,IPAD3_THU4F6,S
761,car,4,IPAD3_THU4F8,S
762,car,4,IPAD3_THU4M10,S
763,car,4,IPAD3_THU4M5,S
764,car,4,IPAD3_THU4M9,S
765,car,4,IPAD4_THU4F8,P
766,car,4,IPAD4_THU4F9,P
767,car,4,IPAD4_THU4M7,P
768,car,4,IPAD4_THU5M5,P
769,car,4,IPAD5_THU4F8,P
770,car,4,IPAD5_THU4M10,S
771,car,4,IPAD5_THU4M5,S
772,car,4,IPAD5_THU4M7,S
773,car,4,photodraw_e21540576907849,P
774,car,4,photodraw_e21541799408496,S
775,car,4,photodraw_e21547060282520,S
776,car,4,photodraw_e21547070395780,P
777,car,4,photodraw_e21547071853117,S
778,car,4,photodraw_e21547241159990,P
779,car,4,photodraw_e21547242197593,P
780,car,4,photodraw_e21547243566891,S
781,car,4,photodraw_e21547246292717,S
782,car,4,photodraw_e21547663022993,S
783,car,4,photodraw_e21547664938821,S
784,car,4,photodraw_e21547668526141,S
785,car,4,photodraw_e21547672389753,P
786,car,4,photodraw_e21547673281903,S
787,car,4,photodraw_e21547836177154,S
788,car,4,photodraw_e21547849860466,S
789,car,4,photodraw_e21548445362792,S
790,car,4,photodraw_e21548455224165,P
791,car,4,photodraw_e21549564465088,P
792,car,5,IPAD1_THU5F3,P
793,car,5,IPAD1_THU5M1,S
794,car,5,IPAD2_THU5M01,S
795,car,5,IPAD3_THU5F2,P
796,car,5,IPAD3_THU5F4,S
797,car,5,IPAD3_THU5M1,S
798,car,5,IPAD3_THU5M7,P
799,car,5,IPAD4_THU5F6,P
800,car,5,IPAD4_THU5M3,S
801,car,5,IPAD5_THU5F2,P
802,car,5,IPAD5_THU5F3,P
803,car,5,IPAD5_THU5M9,S
804,car,5,IPAD5_THU6M1,P
805,car,5,photodraw_e21541191137910,P
806,car,5,photodraw_e21541195324779,P
807,car,5,photodraw_e21541616746618,S
808,car,5,photodraw_e21542047659207,S
809,car,5,photodraw_e21542049031572,P
810,car,5,photodraw_e21542053241209,P
811,car,5,photodraw_e21542057631101,S
812,car,5,photodraw_e21542061442525,S
813,car,5,photodraw_e21542218678125,S
814,car,5,photodraw_e21542223602317,P
815,car,5,photodraw_e21542225408593,P
816,car,5,photodraw_e21543430495947,S
817,car,5,photodraw_e21543432563054,S
818,car,5,photodraw_e21544206692186,S
819,car,5,photodraw_e21544819304302,P
820,car,5,photodraw_e21544821083289,P
821,car,5,photodraw_e21545243809095,S
822,car,5,photodraw_e21547062251659,P
823,car,5,photodraw_e21547066393058,P
824,car,6,IPAD1_1THU6F30,S
825,car,6,IPAD1_THU6F19,P
826,car,6,IPAD1_THU6F20,P
827,car,6,IPAD1_THU6F28,S
828,car,6,IPAD1_THU6F32,S
829,car,6,IPAD1_THU6F43,S
830,car,6,IPAD1_THU6M21,P
831,car,6,IPAD1_THU7M44,P
832,car,6,IPAD2_THU6F19,P
833,car,6,IPAD2_THU6F20,S
834,car,6,IPAD2_THU6F32,P
835,car,6,IPAD2_THU6M2,P
836,car,6,IPAD2_THU6M3,P
837,car,6,IPAD2_THU6M30,P
838,car,6,IPAD2_THU6M31,S
839,car,6,IPAD3_THU6F19,P
840,car,6,IPAD3_THU6F21,P
841,car,6,IPAD3_THU7M20,S
842,car,6,IPAD4_THU6M1,S
843,car,6,photodraw_e21540577320461,S
844,car,6,photodraw_e21541008354503,S
845,car,6,photodraw_e21541017927896,P
846,car,6,photodraw_e21541613545900,S
847,car,6,photodraw_e21542050776864,P
848,car,6,photodraw_e21542220695445,P
849,car,6,photodraw_e21542224218088,P
850,car,6,photodraw_e21545255128573,S
851,car,6,photodraw_e21547073155004,P
852,car,6,photodraw_e21547230596884,S
853,car,6,photodraw_e21547232670235,P
854,car,6,photodraw_e21547237271293,P
855,car,6,photodraw_e21547238095569,P
856,car,6,photodraw_e21547240775263,P
857,car,6,photodraw_e21547668018017,P
858,car,6,photodraw_e21547834597252,S
859,car,6,photodraw_e21547836732785,P
860,car,6,photodraw_e21547845453981,S
861,car,6,photodraw_e21547849081297,P
862,car,6,photodraw_e21548094649748,S
863,car,6,photodraw_e21548097384364,S
864,car,7,IPAD1_THU7F15,P
865,car,7,IPAD1_THU7F31,P
866,car,7,IPAD1_THU7F39,P
867,car,7,IPAD1_THU7F40,S
868,car,7,IPAD1_THU7F42,S
869,car,7,IPAD1_THU7M17,P
870,car,7,IPAD1_THU7M18,P
871,car,7,IPAD1_THU7M45,S
872,car,7,IPAD1_THU7M46,P
873,car,7,IPAD1_THU8F29,S
874,car,7,IPAD1_THU8F33,P
875,car,7,IPAD1_THU8M16,S
876,car,7,IPAD2_THU6M4,S
877,car,7,IPAD2_THU7F15,P
878,car,7,IPAD2_THU7M17,P
879,car,7,IPAD2_THU7M18,S
880,car,7,IPAD2_THU8M16,P
881,car,7,IPAD3_THU7F11,P
882,car,7,IPAD_THU7M12,S
883,car,7,photodraw_e21542049475400,P
884,car,7,photodraw_e21542224706912,S
885,car,7,photodraw_e21544820627246,P
886,car,7,photodraw_e21545255476223,P
887,car,7,photodraw_e21547061122742,P
888,car,7,photodraw_e21547069129052,P
889,car,7,photodraw_e21547242571962,S
890,car,7,photodraw_e21547247873170,P
891,car,7,photodraw_e21547667337924,S
892,car,7,photodraw_e21547844653939,S
893,car,7,photodraw_e21547848462737,S
894,car,7,photodraw_e21548096758313,P
895,car,7,photodraw_e21548098146005,P
896,car,7,photodraw_e21548098930405,S
897,car,7,photodraw_e21548106388954,S
898,car,7,photodraw_e21548107987673,S
899,car,7,photodraw_e21548441283760,S
900,car,7,photodraw_e21548451831175,S
901,car,7,photodraw_e21548873811739,P
902,car,7,photodraw_e21548958550335,P
903,car,8,IPAD1_THU8F13,P
904,car,8,IPAD1_THU8F14,S
905,car,8,IPAD1_THU8F34,S
906,car,8,IPAD1_THU8M35,S
907,car,8,IPAD1_THU8M36,S
908,car,8,IPAD1_THU8M37,P
909,car,8,IPAD1_THU9F2,P
910,car,8,IPAD1_THU9F38,S
911,car,8,IPAD1_THU9M1,P
912,car,8,IPAD2_THU8F12,P
913,car,8,IPAD2_THU8F14,P
914,car,8,IPAD2_THU8F24,P
915,car,8,IPAD2_THU8F34,S
916,car,8,IPAD2_THU8F36,S
917,car,8,IPAD2_THU9F22,S
918,car,8,IPAD2_THU9M2,S
919,car,8,IPAD3_THU8F16,S
920,car,8,IPAD3_THU8M1,S
921,car,8,IPAD3_THU8M14,S
922,car,8,IPAD3_THU8M17,S
923,car,8,IPAD4_THU8F1,S
924,car,8,IPAD4_THU8F11,S
925,car,8,IPAD4_THU8F13,P
926,car,8,IPAD4_THU8M12,P
927,car,8,IPAD5_THU9M2,S
928,car,8,IPAD_THU8M21,S
929,car,8,photodraw_e21542229353364,P
930,car,8,photodraw_e21545166957201,S
931,car,8,photodraw_e21547232289747,S
932,car,8,photodraw_e21547238752953,S
933,car,8,photodraw_e21547674347301,P
934,car,8,photodraw_e21547677339884,S
935,car,8,photodraw_e21547845878342,S
936,car,8,photodraw_e21547849501667,P
937,car,8,photodraw_e21548096119835,P
938,car,8,photodraw_e21548100335223,S
939,car,8,photodraw_e21548104824451,S
940,car,8,photodraw_e21548105648196,S
941,car,8,photodraw_e21548449754672,S
942,car,8,photodraw_e21549650853022,S
943,car,8,photodraw_e21550687622483,S
944,car,8,photodraw_e21550689187843,S
945,car,8,photodraw_e21550690726876,P
946,car,8,photodraw_e21550694845595,S
947,car,8,photodraw_e21550696453174,P
948,car,8,photodraw_e21550698482522,P
949,car,9,IPAD1_THU9F49,S
950,car,9,IPAD1_THU9M11,S
951,car,9,IPAD1_THU9M12,P
952,car,9,IPAD1_THU9M2,S
953,car,9,IPAD2_THU9F35,S
954,car,9,IPAD2_THU9F38,S
955,car,9,IPAD2_THU9M23,P
956,car,9,IPAD2_THU9M3,P
957,car,9,IPAD2_THU9M37,S
958,car,9,IPAD2_THU9M39,P
959,car,9,IPAD3_THU9F1,P
960,car,9,IPAD3_THU9F18,P
961,car,9,IPAD3_THU9M15,P
962,car,9,IPAD3_THU9M2,S
963,car,9,IPAD3_THU9M22,S
964,car,9,IPAD5_THU9M46,P
965,car,9,IPAD5_THU9M5,P
966,car,9,photodraw_e21550773711411,S
967,car,9,photodraw_e21552764741235,P
968,car,9,photodraw_e21552765156167,P
969,car,9,photodraw_e21552766577513,P
970,car,9,photodraw_e21553292202608,P
971,car,9,photodraw_e21553637857619,P
972,car,9,photodraw_e21553793354436,S
973,car,9,photodraw_e21553797665751,P
974,car,9,photodraw_e21553889536940,S
975,car,9,photodraw_e21554324047717,S
976,car,9,photodraw_e21554499556910,S
977,car,9,photodraw_e21554930039176,S
978,car,9,photodraw_e21555004796019,P
979,car,9,photodraw_e21555014219148,P
980,car,9,photodraw_e21555102208611,P
981,car,9,photodraw_e21555523952200,S
982,car,9,photodraw_e21555531146821,S
983,car,9,photodraw_e21555533816883,S
984,car,9,photodraw_e21556226883192,P
985,car,9,photodraw_e21556311534736,P
986,car,10,IPAD1_THU10F40,P
987,car,10,IPAD2_THU10M11,S
988,cat,4,IPAD1_THU4F10,S
989,cat,4,IPAD1_THU4F6,S
990,cat,4,IPAD1_THU4F8,P
991,cat,4,IPAD1_THU4M5,P
992,cat,4,IPAD1_THU4M7,S
993,cat,4,IPAD1_THU5M4,P
994,cat,4,IPAD2_THU4F03,S
995,cat,4,IPAD2_THU4F09,P
996,cat,4,IPAD2_THU4M04,S
997,cat,4,IPAD2_THU5F04,S
998,cat,4,IPAD2_THU5M03,P
999,cat,4,IPAD2_THU5M03,S
1000,cat,4,IPAD3_THU4F6,S
1001,cat,4,IPAD3_THU4F8,P
1002,cat,4,IPAD3_THU4M10,P
1003,cat,4,IPAD3_THU4M5,P
1004,cat,4,IPAD3_THU4M9,P
1005,cat,4,IPAD4_THU4F8,S
1006,cat,4,IPAD4_THU4F9,P
1007,cat,4,IPAD4_THU4M7,P
1008,cat,4,IPAD4_THU5M5,S
1009,cat,4,IPAD5_THU4F8,S
1010,cat,4,IPAD5_THU4M10,S
1011,cat,4,IPAD5_THU4M5,P
1012,cat,4,IPAD_THU5F6,S
1013,cat,4,photodraw_e21540576907849,S
1014,cat,4,photodraw_e21541799408496,S
1015,cat,4,photodraw_e21547060282520,S
1016,cat,4,photodraw_e21547070395780,P
1017,cat,4,photodraw_e21547071853117,S
1018,cat,4,photodraw_e21547241159990,S
1019,cat,4,photodraw_e21547242197593,P
1020,cat,4,photodraw_e21547243566891,P
1021,cat,4,photodraw_e21547246292717,P
1022,cat,4,photodraw_e21547663022993,S
1023,cat,4,photodraw_e21547664938821,P
1024,cat,4,photodraw_e21547668526141,S
1025,cat,4,photodraw_e21547672389753,S
1026,cat,4,photodraw_e21547673281903,S
1027,cat,4,photodraw_e21547836177154,S
1028,cat,4,photodraw_e21547849860466,P
1029,cat,4,photodraw_e21548445362792,P
1030,cat,4,photodraw_e21548451296118,S
1031,cat,4,photodraw_e21548455224165,P
1032,cat,4,photodraw_e21549564465088,P
1033,cat,5,IPAD1_THU5F2,P
1034,cat,5,IPAD1_THU5F3,P
1035,cat,5,IPAD1_THU5M1,P
1036,cat,5,IPAD2_THU5M01,S
1037,cat,5,IPAD3_THU5F2,P
1038,cat,5,IPAD3_THU5F4,P
1039,cat,5,IPAD3_THU5M3,P
1040,cat,5,IPAD3_THU5M7,S
1041,cat,5,IPAD4_THU5F2,P
1042,cat,5,IPAD4_THU5F6,P
1043,cat,5,IPAD4_THU5M3,S
1044,cat,5,IPAD4_THU6F4,S
1045,cat,5,IPAD5_THU5F2,S
1046,cat,5,IPAD5_THU5F3,S
1047,cat,5,IPAD5_THU5M9,P
1048,cat,5,IPAD5_THU6M1,P
1049,cat,5,IPAD5_THU6M4,S
1050,cat,5,photodraw_e21541191137910,P
1051,cat,5,photodraw_e21541195324779,S
1052,cat,5,photodraw_e21541616746618,S
1053,cat,5,photodraw_e21542047659207,S
1054,cat,5,photodraw_e21542049031572,P
1055,cat,5,photodraw_e21542053241209,S
1056,cat,5,photodraw_e21542057631101,S
1057,cat,5,photodraw_e21542061442525,S
1058,cat,5,photodraw_e21542218678125,S
1059,cat,5,photodraw_e21542223602317,P
1060,cat,5,photodraw_e21542225408593,P
1061,cat,5,photodraw_e21543430495947,P
1062,cat,5,photodraw_e21543432563054,S
1063,cat,5,photodraw_e21544206692186,P
1064,cat,5,photodraw_e21544647022478,P
1065,cat,5,photodraw_e21544819304302,P
1066,cat,5,photodraw_e21544821083289,P
1067,cat,5,photodraw_e21547062251659,S
1068,cat,5,photodraw_e21547066393058,P
1069,cat,6,IPAD1_1THU6F30,S
1070,cat,6,IPAD1_THU6F19,P
1071,cat,6,IPAD1_THU6F20,S
1072,cat,6,IPAD1_THU6F32,P
1073,cat,6,IPAD1_THU6F43,P
1074,cat,6,IPAD1_THU6M21,S
1075,cat,6,IPAD1_THU7M44,P
1076,cat,6,IPAD2_THU6F19,P
1077,cat,6,IPAD2_THU6F20,S
1078,cat,6,IPAD2_THU6F32,P
1079,cat,6,IPAD2_THU6M1,S
1080,cat,6,IPAD2_THU6M2,S
1081,cat,6,IPAD2_THU6M3,S
1082,cat,6,IPAD2_THU6M30,S
1083,cat,6,IPAD2_THU6M31,P
1084,cat,6,IPAD3_THU6F19,P
1085,cat,6,IPAD3_THU7M20,P
1086,cat,6,IPAD4_THU6M1,P
1087,cat,6,photodraw_e21540577320461,S
1088,cat,6,photodraw_e21541008354503,P
1089,cat,6,photodraw_e21541017927896,P
1090,cat,6,photodraw_e21541613545900,P
1091,cat,6,photodraw_e21542050776864,S
1092,cat,6,photodraw_e21542220695445,S
1093,cat,6,photodraw_e21542224218088,S
1094,cat,6,photodraw_e21545255128573,P
1095,cat,6,photodraw_e21547073155004,P
1096,cat,6,photodraw_e21547232670235,S
1097,cat,6,photodraw_e21547237271293,S
1098,cat,6,photodraw_e21547238095569,P
1099,cat,6,photodraw_e21547240775263,P
1100,cat,6,photodraw_e21547668018017,P
1101,cat,6,photodraw_e21547834597252,S
1102,cat,6,photodraw_e21547836732785,S
1103,cat,6,photodraw_e21547845453981,P
1104,cat,6,photodraw_e21547849081297,P
1105,cat,6,photodraw_e21548094649748,S
1106,cat,6,photodraw_e21548097384364,S
1107,cat,7,IPAD1_THU7F15,P
1108,cat,7,IPAD1_THU7F31,S
1109,cat,7,IPAD1_THU7F39,S
1110,cat,7,IPAD1_THU7F40,P
1111,cat,7,IPAD1_THU7F41,S
1112,cat,7,IPAD1_THU7F42,S
1113,cat,7,IPAD1_THU7M17,S
1114,cat,7,IPAD1_THU7M18,S
1115,cat,7,IPAD1_THU7M45,S
1116,cat,7,IPAD1_THU7M46,P
1117,cat,7,IPAD1_THU8F29,S
1118,cat,7,IPAD1_THU8F33,P
1119,cat,7,IPAD1_THU8M16,P
1120,cat,7,IPAD2_THU6M4,P
1121,cat,7,IPAD2_THU7F15,S
1122,cat,7,IPAD2_THU7M17,P
1123,cat,7,IPAD2_THU7M18,S
1124,cat,7,IPAD2_THU8M16,S
1125,cat,7,IPAD3_THU7F11,S
1126,cat,7,IPAD_THU6F13,S
1127,cat,7,IPAD_THU7M12,P
1128,cat,7,photodraw_e21542049475400,P
1129,cat,7,photodraw_e21542224706912,P
1130,cat,7,photodraw_e21544820627246,S
1131,cat,7,photodraw_e21545255476223,S
1132,cat,7,photodraw_e21547061122742,P
1133,cat,7,photodraw_e21547069129052,P
1134,cat,7,photodraw_e21547242571962,S
1135,cat,7,photodraw_e21547247873170,P
1136,cat,7,photodraw_e21547667337924,P
1137,cat,7,photodraw_e21547844653939,S
1138,cat,7,photodraw_e21547848462737,S
1139,cat,7,photodraw_e21548096758313,S
1140,cat,7,photodraw_e21548098146005,S
1141,cat,7,photodraw_e21548098930405,P
1142,cat,7,photodraw_e21548106388954,P
1143,cat,7,photodraw_e21548107987673,S
1144,cat,7,photodraw_e21548441283760,P
1145,cat,7,photodraw_e21548451831175,P
1146,cat,7,photodraw_e21548873811739,S
1147,cat,7,photodraw_e21548958550335,P
1148,cat,8,IPAD1_THU8F13,S
1149,cat,8,IPAD1_THU8F34,S
1150,cat,8,IPAD1_THU8M35,P
1151,cat,8,IPAD1_THU8M36,P
1152,cat,8,IPAD1_THU8M37,S
1153,cat,8,IPAD1_THU9F2,P
1154,cat,8,IPAD1_THU9F38,S
1155,cat,8,IPAD1_THU9M1,P
1156,cat,8,IPAD2_THU8F12,P
1157,cat,8,IPAD2_THU8F14,S
1158,cat,8,IPAD2_THU8F24,S
1159,cat,8,IPAD2_THU8F34,S
1160,cat,8,IPAD2_THU8F36,P
1161,cat,8,IPAD2_THU9F22,P
1162,cat,8,IPAD2_THU9M2,S
1163,cat,8,IPAD3_THU8F16,P
1164,cat,8,IPAD3_THU8M14,P
1165,cat,8,IPAD3_THU8M17,P
1166,cat,8,IPAD3_THU8M17,S
1167,cat,8,IPAD4_THU8F1,P
1168,cat,8,IPAD4_THU8F11,P
1169,cat,8,IPAD4_THU8F13,P
1170,cat,8,IPAD4_THU8M12,P
1171,cat,8,IPAD5_THU9M2,S
1172,cat,8,IPAD_THU8M21,S
1173,cat,8,photodraw_e21542229353364,P
1174,cat,8,photodraw_e21545166957201,S
1175,cat,8,photodraw_e21547232289747,S
1176,cat,8,photodraw_e21547238752953,S
1177,cat,8,photodraw_e21547674347301,S
1178,cat,8,photodraw_e21547677339884,P
1179,cat,8,photodraw_e21547845878342,S
1180,cat,8,photodraw_e21547849501667,S
1181,cat,8,photodraw_e21548096119835,P
1182,cat,8,photodraw_e21548100335223,P
1183,cat,8,photodraw_e21548104824451,S
1184,cat,8,photodraw_e21548105648196,S
1185,cat,8,photodraw_e21548449754672,S
1186,cat,8,photodraw_e21549650853022,P
1187,cat,8,photodraw_e21550687622483,S
1188,cat,8,photodraw_e21550689187843,S
1189,cat,8,photodraw_e21550690726876,P
1190,cat,8,photodraw_e21550694845595,P
1191,cat,8,photodraw_e21550696453174,P
1192,cat,8,photodraw_e21550698482522,S
1193,cat,9,IPAD1_THU9F49,P
1194,cat,9,IPAD1_THU9M11,S
1195,cat,9,IPAD1_THU9M12,S
1196,cat,9,IPAD1_THU9M2,S
1197,cat,9,IPAD1_THU9M47,S
1198,cat,9,IPAD2_THU9F35,S
1199,cat,9,IPAD2_THU9F38,S
1200,cat,9,IPAD2_THU9M13,S
1201,cat,9,IPAD2_THU9M23,P
1202,cat,9,IPAD2_THU9M3,P
1203,cat,9,IPAD2_THU9M37,P
1204,cat,9,IPAD2_THU9M39,P
1205,cat,9,IPAD3_THU9F1,S
1206,cat,9,IPAD3_THU9M15,P
1207,cat,9,IPAD3_THU9M2,P
1208,cat,9,IPAD3_THU9M22,P
1209,cat,9,IPAD5_THU9M46,S
1210,cat,9,IPAD5_THU9M5,P
1211,cat,9,photodraw_e21550773711411,S
1212,cat,9,photodraw_e21552764741235,S
1213,cat,9,photodraw_e21552765156167,S
1214,cat,9,photodraw_e21552766577513,P
1215,cat,9,photodraw_e21553292202608,P
1216,cat,9,photodraw_e21553637857619,S
1217,cat,9,photodraw_e21553793354436,S
1218,cat,9,photodraw_e21553797665751,P
1219,cat,9,photodraw_e21553889536940,P
1220,cat,9,photodraw_e21554324047717,S
1221,cat,9,photodraw_e21554499556910,S
1222,cat,9,photodraw_e21554930039176,S
1223,cat,9,photodraw_e21555004796019,S
1224,cat,9,photodraw_e21555014219148,S
1225,cat,9,photodraw_e21555102208611,P
1226,cat,9,photodraw_e21555523952200,P
1227,cat,9,photodraw_e21555531146821,S
1228,cat,9,photodraw_e21555533816883,S
1229,cat,9,photodraw_e21556226883192,P
1230,cat,9,photodraw_e21556311534736,P
1231,cat,10,IPAD1_THU10F40,P
1232,cat,10,IPAD2_THU10M11,S
1233,chair,4,IPAD1_THU4F10,S
1234,chair,4,IPAD1_THU4F6,S
1235,chair,4,IPAD1_THU4F8,S
1236,chair,4,IPAD1_THU4M5,S
1237,chair,4,IPAD1_THU4M7,S
1238,chair,4,IPAD1_THU4M9,P
1239,chair,4,IPAD1_THU5M4,S
1240,chair,4,IPAD2_THU4F03,P
1241,chair,4,IPAD2_THU4F09,P
1242,chair,4,IPAD2_THU4M04,S
1243,chair,4,IPAD2_THU5F04,S
1244,chair,4,IPAD2_THU5M03,S
1245,chair,4,IPAD3_THU4F6,P
1246,chair,4,IPAD3_THU4F8,P
1247,chair,4,IPAD3_THU4M10,P
1248,chair,4,IPAD3_THU4M5,S
1249,chair,4,IPAD3_THU4M9,S
1250,chair,4,IPAD4_THU4F8,S
1251,chair,4,IPAD4_THU4F9,P
1252,chair,4,IPAD4_THU4M7,P
1253,chair,4,IPAD4_THU5M5,S
1254,chair,4,IPAD5_THU4F8,S
1255,chair,4,IPAD5_THU4M10,P
1256,chair,4,IPAD5_THU4M7,P
1257,chair,4,IPAD_THU5F6,S
1258,chair,4,photodraw_e21540576907849,P
1259,chair,4,photodraw_e21541799408496,P
1260,chair,4,photodraw_e21547060282520,S
1261,chair,4,photodraw_e21547070395780,P
1262,chair,4,photodraw_e21547071853117,P
1263,chair,4,photodraw_e21547241159990,S
1264,chair,4,photodraw_e21547242197593,S
1265,chair,4,photodraw_e21547243566891,S
1266,chair,4,photodraw_e21547246292717,P
1267,chair,4,photodraw_e21547663022993,S
1268,chair,4,photodraw_e21547664938821,S
1269,chair,4,photodraw_e21547668526141,P
1270,chair,4,photodraw_e21547672389753,P
1271,chair,4,photodraw_e21547673281903,P
1272,chair,4,photodraw_e21547836177154,P
1273,chair,4,photodraw_e21547849860466,P
1274,chair,4,photodraw_e21548445362792,P
1275,chair,4,photodraw_e21548451296118,P
1276,chair,4,photodraw_e21548455224165,S
1277,chair,4,photodraw_e21549564465088,P
1278,chair,5,IPAD1_THU5F2,P
1279,chair,5,IPAD1_THU5F3,P
1280,chair,5,IPAD1_THU5M1,S
1281,chair,5,IPAD2_THU5M01,P
1282,chair,5,IPAD3_THU5F2,P
1283,chair,5,IPAD3_THU5F4,S
1284,chair,5,IPAD3_THU5M1,P
1285,chair,5,IPAD3_THU5M3,P
1286,chair,5,IPAD3_THU5M7,S
1287,chair,5,IPAD4_THU5F2,S
1288,chair,5,IPAD4_THU5F6,S
1289,chair,5,IPAD4_THU5M3,P
1290,chair,5,IPAD4_THU6F4,P
1291,chair,5,IPAD5_THU5F2,P
1292,chair,5,IPAD5_THU5F3,P
1293,chair,5,IPAD5_THU5M9,P
1294,chair,5,IPAD5_THU6M1,S
1295,chair,5,IPAD5_THU6M4,S
1296,chair,5,photodraw_e21541191137910,S
1297,chair,5,photodraw_e21541195324779,P
1298,chair,5,photodraw_e21541616746618,S
1299,chair,5,photodraw_e21542047659207,P
1300,chair,5,photodraw_e21542049031572,P
1301,chair,5,photodraw_e21542053241209,P
1302,chair,5,photodraw_e21542057631101,S
1303,chair,5,photodraw_e21542061442525,S
1304,chair,5,photodraw_e21542218678125,S
1305,chair,5,photodraw_e21542223602317,S
1306,chair,5,photodraw_e21542225408593,P
1307,chair,5,photodraw_e21543430495947,S
1308,chair,5,photodraw_e21543432563054,P
1309,chair,5,photodraw_e21544206692186,P
1310,chair,5,photodraw_e21544647022478,S
1311,chair,5,photodraw_e21544819304302,P
1312,chair,5,photodraw_e21544821083289,P
1313,chair,5,photodraw_e21545243809095,P
1314,chair,5,photodraw_e21547062251659,S
1315,chair,5,photodraw_e21547066393058,P
1316,chair,6,IPAD1_1THU6F30,P
1317,chair,6,IPAD1_THU6F19,P
1318,chair,6,IPAD1_THU6F20,S
1319,chair,6,IPAD1_THU6F28,S
1320,chair,6,IPAD1_THU6F32,P
1321,chair,6,IPAD1_THU6M21,P
1322,chair,6,IPAD1_THU7M44,P
1323,chair,6,IPAD2_THU6F19,P
1324,chair,6,IPAD2_THU6F20,S
1325,chair,6,IPAD2_THU6F32,S
1326,chair,6,IPAD2_THU6M1,P
1327,chair,6,IPAD2_THU6M2,S
1328,chair,6,IPAD2_THU6M3,P
1329,chair,6,IPAD2_THU6M30,P
1330,chair,6,IPAD2_THU6M31,P
1331,chair,6,IPAD3_THU6F19,S
1332,chair,6,IPAD3_THU6F21,S
1333,chair,6,IPAD3_THU7M20,S
1334,chair,6,IPAD4_THU6M1,P
1335,chair,6,photodraw_e21540577320461,S
1336,chair,6,photodraw_e21541008354503,S
1337,chair,6,photodraw_e21541017927896,S
1338,chair,6,photodraw_e21541613545900,P
1339,chair,6,photodraw_e21542050776864,S
1340,chair,6,photodraw_e21542220695445,P
1341,chair,6,photodraw_e21542224218088,P
1342,chair,6,photodraw_e21545255128573,P
1343,chair,6,photodraw_e21547073155004,P
1344,chair,6,photodraw_e21547230596884,P
1345,chair,6,photodraw_e21547232670235,S
1346,chair,6,photodraw_e21547237271293,P
1347,chair,6,photodraw_e21547238095569,S
1348,chair,6,photodraw_e21547240775263,S
1349,chair,6,photodraw_e21547668018017,S
1350,chair,6,photodraw_e21547834597252,P
1351,chair,6,photodraw_e21547836732785,S
1352,chair,6,photodraw_e21547845453981,P
1353,chair,6,photodraw_e21547849081297,P
1354,chair,6,photodraw_e21548094649748,P
1355,chair,6,photodraw_e21548097384364,P
1356,chair,7,IPAD1_THU7F15,S
1357,chair,7,IPAD1_THU7F31,P
1358,chair,7,IPAD1_THU7F39,P
1359,chair,7,IPAD1_THU7F40,P
1360,chair,7,IPAD1_THU7F41,S
1361,chair,7,IPAD1_THU7M17,P
1362,chair,7,IPAD1_THU7M18,S
1363,chair,7,IPAD1_THU7M45,P
1364,chair,7,IPAD1_THU8F29,P
1365,chair,7,IPAD1_THU8F33,S
1366,chair,7,IPAD1_THU8M16,S
1367,chair,7,IPAD2_THU6M4,P
1368,chair,7,IPAD2_THU7F15,P
1369,chair,7,IPAD2_THU7M17,P
1370,chair,7,IPAD2_THU7M18,P
1371,chair,7,IPAD2_THU8M16,S
1372,chair,7,IPAD3_THU7F11,P
1373,chair,7,IPAD_THU6F13,S
1374,chair,7,IPAD_THU7M12,S
1375,chair,7,photodraw_e21542049475400,P
1376,chair,7,photodraw_e21542224706912,P
1377,chair,7,photodraw_e21544820627246,P
1378,chair,7,photodraw_e21545255476223,P
1379,chair,7,photodraw_e21547061122742,P
1380,chair,7,photodraw_e21547069129052,S
1381,chair,7,photodraw_e21547242571962,P
1382,chair,7,photodraw_e21547247873170,P
1383,chair,7,photodraw_e21547667337924,P
1384,chair,7,photodraw_e21547844653939,S
1385,chair,7,photodraw_e21547848462737,S
1386,chair,7,photodraw_e21548096758313,S
1387,chair,7,photodraw_e21548098146005,S
1388,chair,7,photodraw_e21548098930405,P
1389,chair,7,photodraw_e21548106388954,P
1390,chair,7,photodraw_e21548107987673,S
1391,chair,7,photodraw_e21548441283760,P
1392,chair,7,photodraw_e21548451831175,S
1393,chair,7,photodraw_e21548873811739,S
1394,chair,7,photodraw_e21548958550335,P
1395,chair,8,IPAD1_THU8F13,P
1396,chair,8,IPAD1_THU8F14,S
1397,chair,8,IPAD1_THU8F34,S
1398,chair,8,IPAD1_THU8M35,P
1399,chair,8,IPAD1_THU8M36,P
1400,chair,8,IPAD1_THU8M37,S
1401,chair,8,IPAD1_THU9F38,P
1402,chair,8,IPAD1_THU9M1,P
1403,chair,8,IPAD2_THU8F12,S
1404,chair,8,IPAD2_THU8F14,P
1405,chair,8,IPAD2_THU8F24,P
1406,chair,8,IPAD2_THU8F34,S
1407,chair,8,IPAD2_THU8F36,P
1408,chair,8,IPAD2_THU9F22,P
1409,chair,8,IPAD2_THU9M2,P
1410,chair,8,IPAD3_THU8F16,P
1411,chair,8,IPAD3_THU8M1,P
1412,chair,8,IPAD3_THU8M14,S
1413,chair,8,IPAD3_THU8M17,P
1414,chair,8,IPAD4_THU8F1,P
1415,chair,8,IPAD4_THU8F11,S
1416,chair,8,IPAD4_THU8F13,P
1417,chair,8,IPAD4_THU8M12,P
1418,chair,8,IPAD5_THU9M2,S
1419,chair,8,IPAD_THU8M21,S
1420,chair,8,photodraw_e21542229353364,P
1421,chair,8,photodraw_e21545166957201,P
1422,chair,8,photodraw_e21547232289747,P
1423,chair,8,photodraw_e21547238752953,P
1424,chair,8,photodraw_e21547674347301,S
1425,chair,8,photodraw_e21547677339884,P
1426,chair,8,photodraw_e21547845878342,P
1427,chair,8,photodraw_e21547849501667,P
1428,chair,8,photodraw_e21548096119835,P
1429,chair,8,photodraw_e21548100335223,S
1430,chair,8,photodraw_e21548104824451,P
1431,chair,8,photodraw_e21548105648196,P
1432,chair,8,photodraw_e21548449754672,S
1433,chair,8,photodraw_e21549650853022,S
1434,chair,8,photodraw_e21550687622483,P
1435,chair,8,photodraw_e21550689187843,P
1436,chair,8,photodraw_e21550690726876,S
1437,chair,8,photodraw_e21550694845595,P
1438,chair,8,photodraw_e21550696453174,P
1439,chair,8,photodraw_e21550698482522,P
1440,chair,9,IPAD1_THU9F49,P
1441,chair,9,IPAD1_THU9M11,P
1442,chair,9,IPAD1_THU9M12,S
1443,chair,9,IPAD1_THU9M2,S
1444,chair,9,IPAD1_THU9M47,S
1445,chair,9,IPAD2_THU9F35,S
1446,chair,9,IPAD2_THU9F38,P
1447,chair,9,IPAD2_THU9M13,P
1448,chair,9,IPAD2_THU9M23,S
1449,chair,9,IPAD2_THU9M3,S
1450,chair,9,IPAD2_THU9M37,P
1451,chair,9,IPAD2_THU9M39,S
1452,chair,9,IPAD3_THU9F1,P
1453,chair,9,IPAD3_THU9F18,S
1454,chair,9,IPAD3_THU9M15,S
1455,chair,9,IPAD3_THU9M2,S
1456,chair,9,IPAD5_THU9M46,P
1457,chair,9,IPAD5_THU9M5,S
1458,chair,9,photodraw_e21550773711411,S
1459,chair,9,photodraw_e21552764741235,P
1460,chair,9,photodraw_e21552765156167,S
1461,chair,9,photodraw_e21552766577513,P
1462,chair,9,photodraw_e21553292202608,S
1463,chair,9,photodraw_e21553637857619,P
1464,chair,9,photodraw_e21553793354436,S
1465,chair,9,photodraw_e21553797665751,S
1466,chair,9,photodraw_e21553889536940,S
1467,chair,9,photodraw_e21554324047717,P
1468,chair,9,photodraw_e21554499556910,S
1469,chair,9,photodraw_e21554930039176,S
1470,chair,9,photodraw_e21555004796019,S
1471,chair,9,photodraw_e21555014219148,S
1472,chair,9,photodraw_e21555102208611,P
1473,chair,9,photodraw_e21555523952200,P
1474,chair,9,photodraw_e21555531146821,S
1475,chair,9,photodraw_e21555533816883,S
1476,chair,9,photodraw_e21556226883192,P
1477,chair,9,photodraw_e21556311534736,S
1478,chair,10,IPAD1_THU10F40,P
1479,chair,10,IPAD2_THU10M11,P
1480,cup,4,IPAD1_THU4F10,S
1481,cup,4,IPAD1_THU4F6,P
1482,cup,4,IPAD1_THU4F8,S
1483,cup,4,IPAD1_THU4M5,S
1484,cup,4,IPAD1_THU4M7,P
1485,cup,4,IPAD1_THU4M9,P
1486,cup,4,IPAD1_THU5M4,S
1487,cup,4,IPAD2_THU4F03,P
1488,cup,4,IPAD2_THU4F09,S
1489,cup,4,IPAD2_THU4M04,P
1490,cup,4,IPAD2_THU5F04,P
1491,cup,4,IPAD2_THU5M03,P
1492,cup,4,IPAD3_THU4F6,S
1493,cup,4,IPAD3_THU4F8,S
1494,cup,4,IPAD3_THU4M10,P
1495,cup,4,IPAD3_THU4M5,S
1496,cup,4,IPAD4_THU4F8,P
1497,cup,4,IPAD4_THU4F9,S
1498,cup,4,IPAD4_THU4M7,S
1499,cup,4,IPAD4_THU5M5,P
1500,cup,4,IPAD5_THU4F8,S
1501,cup,4,IPAD5_THU4M10,P
1502,cup,4,IPAD5_THU4M7,P
1503,cup,4,IPAD_THU5F6,S
1504,cup,4,photodraw_e21540576907849,S
1505,cup,4,photodraw_e21541799408496,S
1506,cup,4,photodraw_e21547060282520,S
1507,cup,4,photodraw_e21547070395780,S
1508,cup,4,photodraw_e21547071853117,P
1509,cup,4,photodraw_e21547241159990,S
1510,cup,4,photodraw_e21547242197593,S
1511,cup,4,photodraw_e21547243566891,S
1512,cup,4,photodraw_e21547246292717,S
1513,cup,4,photodraw_e21547663022993,P
1514,cup,4,photodraw_e21547664938821,P
1515,cup,4,photodraw_e21547668526141,P
1516,cup,4,photodraw_e21547672389753,S
1517,cup,4,photodraw_e21547673281903,P
1518,cup,4,photodraw_e21547836177154,S
1519,cup,4,photodraw_e21547849860466,S
1520,cup,4,photodraw_e21548445362792,P
1521,cup,4,photodraw_e21548451296118,P
1522,cup,4,photodraw_e21548455224165,S
1523,cup,4,photodraw_e21549564465088,P
1524,cup,5,IPAD1_THU5F2,S
1525,cup,5,IPAD1_THU5F3,P
1526,cup,5,IPAD1_THU5M1,P
1527,cup,5,IPAD2_THU5M01,P
1528,cup,5,IPAD3_THU5F4,P
1529,cup,5,IPAD3_THU5M1,S
1530,cup,5,IPAD3_THU5M3,P
1531,cup,5,IPAD4_THU5F2,P
1532,cup,5,IPAD4_THU5F6,P
1533,cup,5,IPAD4_THU5M3,P
1534,cup,5,IPAD4_THU6F4,S
1535,cup,5,IPAD5_THU5F2,S
1536,cup,5,IPAD5_THU5F3,P
1537,cup,5,IPAD5_THU5M9,S
1538,cup,5,IPAD5_THU6M1,S
1539,cup,5,IPAD5_THU6M4,P
1540,cup,5,photodraw_e21541191137910,S
1541,cup,5,photodraw_e21541195324779,S
1542,cup,5,photodraw_e21541616746618,P
1543,cup,5,photodraw_e21542047659207,S
1544,cup,5,photodraw_e21542049031572,S
1545,cup,5,photodraw_e21542053241209,P
1546,cup,5,photodraw_e21542057631101,P
1547,cup,5,photodraw_e21542061442525,S
1548,cup,5,photodraw_e21542218678125,P
1549,cup,5,photodraw_e21542223602317,S
1550,cup,5,photodraw_e21542225408593,S
1551,cup,5,photodraw_e21543430495947,S
1552,cup,5,photodraw_e21543432563054,S
1553,cup,5,photodraw_e21544206692186,S
1554,cup,5,photodraw_e21544647022478,S
1555,cup,5,photodraw_e21544819304302,S
1556,cup,5,photodraw_e21544821083289,P
1557,cup,5,photodraw_e21545243809095,P
1558,cup,5,photodraw_e21547062251659,S
1559,cup,5,photodraw_e21547066393058,S
1560,cup,6,IPAD1_1THU6F30,P
1561,cup,6,IPAD1_THU6F19,P
1562,cup,6,IPAD1_THU6F20,S
1563,cup,6,IPAD1_THU6F28,S
1564,cup,6,IPAD1_THU6F32,S
1565,cup,6,IPAD1_THU6F43,P
1566,cup,6,IPAD1_THU7M44,S
1567,cup,6,IPAD2_THU6F19,P
1568,cup,6,IPAD2_THU6F20,P
1569,cup,6,IPAD2_THU6F32,S
1570,cup,6,IPAD2_THU6M1,S
1571,cup,6,IPAD2_THU6M2,S
1572,cup,6,IPAD2_THU6M3,S
1573,cup,6,IPAD2_THU6M30,S
1574,cup,6,IPAD2_THU6M31,P
1575,cup,6,IPAD3_THU6F21,S
1576,cup,6,IPAD3_THU7M20,P
1577,cup,6,IPAD4_THU6M1,P
1578,cup,6,photodraw_e21540577320461,P
1579,cup,6,photodraw_e21541008354503,S
1580,cup,6,photodraw_e21541017927896,P
1581,cup,6,photodraw_e21541613545900,S
1582,cup,6,photodraw_e21542050776864,S
1583,cup,6,photodraw_e21542220695445,S
1584,cup,6,photodraw_e21542224218088,S
1585,cup,6,photodraw_e21545255128573,P
1586,cup,6,photodraw_e21547073155004,S
1587,cup,6,photodraw_e21547230596884,P
1588,cup,6,photodraw_e21547232670235,P
1589,cup,6,photodraw_e21547237271293,P
1590,cup,6,photodraw_e21547238095569,P
1591,cup,6,photodraw_e21547240775263,S
1592,cup,6,photodraw_e21547668018017,P
1593,cup,6,photodraw_e21547834597252,P
1594,cup,6,photodraw_e21547836732785,P
1595,cup,6,photodraw_e21547845453981,P
1596,cup,6,photodraw_e21547849081297,S
1597,cup,6,photodraw_e21548094649748,S
1598,cup,6,photodraw_e21548097384364,P
1599,cup,7,IPAD1_THU7F15,P
1600,cup,7,IPAD1_THU7F31,S
1601,cup,7,IPAD1_THU7F39,P
1602,cup,7,IPAD1_THU7F40,P
1603,cup,7,IPAD1_THU7F41,P
1604,cup,7,IPAD1_THU7F42,P
1605,cup,7,IPAD1_THU7M17,P
1606,cup,7,IPAD1_THU7M45,P
1607,cup,7,IPAD1_THU7M46,S
1608,cup,7,IPAD1_THU8F33,P
1609,cup,7,IPAD1_THU8M16,S
1610,cup,7,IPAD2_THU6M4,P
1611,cup,7,IPAD2_THU7F15,S
1612,cup,7,IPAD2_THU7M17,P
1613,cup,7,IPAD2_THU8M16,P
1614,cup,7,IPAD_THU6F13,P
1615,cup,7,IPAD_THU7M12,S
1616,cup,7,photodraw_e21542049475400,S
1617,cup,7,photodraw_e21542224706912,P
1618,cup,7,photodraw_e21544820627246,S
1619,cup,7,photodraw_e21545255476223,P
1620,cup,7,photodraw_e21547061122742,S
1621,cup,7,photodraw_e21547069129052,S
1622,cup,7,photodraw_e21547242571962,P
1623,cup,7,photodraw_e21547247873170,S
1624,cup,7,photodraw_e21547667337924,S
1625,cup,7,photodraw_e21547844653939,P
1626,cup,7,photodraw_e21547848462737,S
1627,cup,7,photodraw_e21548096758313,S
1628,cup,7,photodraw_e21548098146005,P
1629,cup,7,photodraw_e21548098930405,S
1630,cup,7,photodraw_e21548106388954,S
1631,cup,7,photodraw_e21548107987673,P
1632,cup,7,photodraw_e21548441283760,S
1633,cup,7,photodraw_e21548451831175,S
1634,cup,7,photodraw_e21548873811739,P
1635,cup,7,photodraw_e21548958550335,P
1636,cup,8,IPAD1_THU8F13,S
1637,cup,8,IPAD1_THU8F14,P
1638,cup,8,IPAD1_THU8F34,P
1639,cup,8,IPAD1_THU8M35,S
1640,cup,8,IPAD1_THU8M37,P
1641,cup,8,IPAD1_THU9F2,S
1642,cup,8,IPAD1_THU9F38,S
1643,cup,8,IPAD1_THU9M1,S
1644,cup,8,IPAD2_THU8F12,S
1645,cup,8,IPAD2_THU8F14,P
1646,cup,8,IPAD2_THU8F24,S
1647,cup,8,IPAD2_THU8F34,P
1648,cup,8,IPAD2_THU8F36,S
1649,cup,8,IPAD2_THU9F22,P
1650,cup,8,IPAD2_THU9M2,S
1651,cup,8,IPAD3_THU8F16,S
1652,cup,8,IPAD3_THU8M1,P
1653,cup,8,IPAD3_THU8M14,P
1654,cup,8,IPAD3_THU8M17,P
1655,cup,8,IPAD4_THU8F1,S
1656,cup,8,IPAD4_THU8F11,S
1657,cup,8,IPAD4_THU8F13,P
1658,cup,8,IPAD4_THU8M12,S
1659,cup,8,IPAD5_THU9M2,P
1660,cup,8,IPAD_THU8M21,S
1661,cup,8,photodraw_e21542229353364,S
1662,cup,8,photodraw_e21545166957201,P
1663,cup,8,photodraw_e21547232289747,P
1664,cup,8,photodraw_e21547238752953,S
1665,cup,8,photodraw_e21547674347301,P
1666,cup,8,photodraw_e21547677339884,P
1667,cup,8,photodraw_e21547845878342,P
1668,cup,8,photodraw_e21547849501667,S
1669,cup,8,photodraw_e21548096119835,S
1670,cup,8,photodraw_e21548100335223,S
1671,cup,8,photodraw_e21548104824451,P
1672,cup,8,photodraw_e21548105648196,P
1673,cup,8,photodraw_e21548449754672,P
1674,cup,8,photodraw_e21549650853022,P
1675,cup,8,photodraw_e21550687622483,P
1676,cup,8,photodraw_e21550689187843,P
1677,cup,8,photodraw_e21550690726876,P
1678,cup,8,photodraw_e21550694845595,S
1679,cup,8,photodraw_e21550696453174,S
1680,cup,8,photodraw_e21550698482522,P
1681,cup,9,IPAD1_THU9F49,P
1682,cup,9,IPAD1_THU9M12,S
1683,cup,9,IPAD1_THU9M2,P
1684,cup,9,IPAD1_THU9M47,S
1685,cup,9,IPAD2_THU9F35,P
1686,cup,9,IPAD2_THU9M13,S
1687,cup,9,IPAD2_THU9M23,S
1688,cup,9,IPAD2_THU9M3,P
1689,cup,9,IPAD2_THU9M37,P
1690,cup,9,IPAD3_THU9F18,S
1691,cup,9,IPAD3_THU9M15,S
1692,cup,9,IPAD3_THU9M22,S
1693,cup,9,IPAD5_THU9M46,S
1694,cup,9,photodraw_e21550773711411,P
1695,cup,9,photodraw_e21552764741235,P
1696,cup,9,photodraw_e21552765156167,P
1697,cup,9,photodraw_e21552766577513,P
1698,cup,9,photodraw_e21553292202608,S
1699,cup,9,photodraw_e21553637857619,P
1700,cup,9,photodraw_e21553793354436,P
1701,cup,9,photodraw_e21553797665751,S
1702,cup,9,photodraw_e21553889536940,S
1703,cup,9,photodraw_e21554324047717,P
1704,cup,9,photodraw_e21554499556910,S
1705,cup,9,photodraw_e21554930039176,P
1706,cup,9,photodraw_e21555004796019,S
1707,cup,9,photodraw_e21555014219148,P
1708,cup,9,photodraw_e21555102208611,P
1709,cup,9,photodraw_e21555523952200,S
1710,cup,9,photodraw_e21555531146821,S
1711,cup,9,photodraw_e21555533816883,P
1712,cup,9,photodraw_e21556226883192,S
1713,cup,9,photodraw_e21556311534736,P
1714,cup,10,IPAD1_THU10F40,S
1715,cup,10,IPAD2_THU10M11,P
1716,hat,4,IPAD1_THU4F10,P
1717,hat,4,IPAD1_THU4F6,P
1718,hat,4,IPAD1_THU4F8,P
1719,hat,4,IPAD1_THU4M5,S
1720,hat,4,IPAD1_THU4M7,S
1721,hat,4,IPAD1_THU4M9,S
1722,hat,4,IPAD1_THU5M4,S
1723,hat,4,IPAD2_THU4F03,P
1724,hat,4,IPAD2_THU4F09,S
1725,hat,4,IPAD2_THU4M04,P
1726,hat,4,IPAD2_THU5F04,P
1727,hat,4,IPAD2_THU5M03,P
1728,hat,4,IPAD3_THU4F6,P
1729,hat,4,IPAD3_THU4F8,P
1730,hat,4,IPAD3_THU4M10,S
1731,hat,4,IPAD3_THU4M5,P
1732,hat,4,IPAD3_THU4M9,P
1733,hat,4,IPAD4_THU4F8,P
1734,hat,4,IPAD4_THU4F9,S
1735,hat,4,IPAD4_THU4M7,S
1736,hat,4,IPAD4_THU5M5,S
1737,hat,4,IPAD5_THU4F8,S
1738,hat,4,IPAD5_THU4M10,P
1739,hat,4,IPAD5_THU4M5,S
1740,hat,4,IPAD5_THU4M7,P
1741,hat,4,IPAD_THU5F6,P
1742,hat,4,photodraw_e21540576907849,S
1743,hat,4,photodraw_e21541799408496,P
1744,hat,4,photodraw_e21547060282520,S
1745,hat,4,photodraw_e21547070395780,P
1746,hat,4,photodraw_e21547071853117,S
1747,hat,4,photodraw_e21547241159990,P
1748,hat,4,photodraw_e21547242197593,S
1749,hat,4,photodraw_e21547243566891,P
1750,hat,4,photodraw_e21547246292717,P
1751,hat,4,photodraw_e21547663022993,S
1752,hat,4,photodraw_e21547664938821,P
1753,hat,4,photodraw_e21547668526141,S
1754,hat,4,photodraw_e21547672389753,P
1755,hat,4,photodraw_e21547673281903,S
1756,hat,4,photodraw_e21547836177154,S
1757,hat,4,photodraw_e21547849860466,P
1758,hat,4,photodraw_e21548445362792,S
1759,hat,4,photodraw_e21548451296118,S
1760,hat,4,photodraw_e21548455224165,S
1761,hat,4,photodraw_e21549564465088,S
1762,hat,5,IPAD1_THU5F2,S
1763,hat,5,IPAD1_THU5M1,S
1764,hat,5,IPAD2_THU5M01,P
1765,hat,5,IPAD3_THU5F2,S
1766,hat,5,IPAD3_THU5F4,S
1767,hat,5,IPAD3_THU5M1,S
1768,hat,5,IPAD3_THU5M3,P
1769,hat,5,IPAD3_THU5M7,S
1770,hat,5,IPAD4_THU5F2,S
1771,hat,5,IPAD4_THU5F6,S
1772,hat,5,IPAD4_THU5M3,S
1773,hat,5,IPAD4_THU6F4,P
1774,hat,5,IPAD5_THU5F2,P
1775,hat,5,IPAD5_THU5F3,P
1776,hat,5,IPAD5_THU5M9,S
1777,hat,5,IPAD5_THU6M1,S
1778,hat,5,IPAD5_THU6M4,P
1779,hat,5,photodraw_e21541191137910,P
1780,hat,5,photodraw_e21541195324779,S
1781,hat,5,photodraw_e21541616746618,P
1782,hat,5,photodraw_e21542047659207,P
1783,hat,5,photodraw_e21542049031572,P
1784,hat,5,photodraw_e21542053241209,P
1785,hat,5,photodraw_e21542057631101,P
1786,hat,5,photodraw_e21542061442525,P
1787,hat,5,photodraw_e21542218678125,P
1788,hat,5,photodraw_e21542223602317,P
1789,hat,5,photodraw_e21542225408593,S
1790,hat,5,photodraw_e21543430495947,S
1791,hat,5,photodraw_e21543432563054,S
1792,hat,5,photodraw_e21544206692186,P
1793,hat,5,photodraw_e21544647022478,P
1794,hat,5,photodraw_e21544819304302,P
1795,hat,5,photodraw_e21544821083289,S
1796,hat,5,photodraw_e21545243809095,S
1797,hat,5,photodraw_e21547062251659,P
1798,hat,5,photodraw_e21547066393058,P
1799,hat,6,IPAD1_1THU6F30,P
1800,hat,6,IPAD1_THU6F19,S
1801,hat,6,IPAD1_THU6F20,S
1802,hat,6,IPAD1_THU6F28,S
1803,hat,6,IPAD1_THU6F32,P
1804,hat,6,IPAD1_THU6F43,S
1805,hat,6,IPAD1_THU6M21,P
1806,hat,6,IPAD1_THU7M44,P
1807,hat,6,IPAD2_THU6F19,S
1808,hat,6,IPAD2_THU6F20,S
1809,hat,6,IPAD2_THU6M1,P
1810,hat,6,IPAD2_THU6M2,P
1811,hat,6,IPAD2_THU6M3,P
1812,hat,6,IPAD2_THU6M30,S
1813,hat,6,IPAD2_THU6M31,P
1814,hat,6,IPAD3_THU6F19,P
1815,hat,6,IPAD3_THU6F21,P
1816,hat,6,IPAD4_THU6M1,P
1817,hat,6,photodraw_e21540577320461,P
1818,hat,6,photodraw_e21541008354503,P
1819,hat,6,photodraw_e21541017927896,S
1820,hat,6,photodraw_e21541613545900,S
1821,hat,6,photodraw_e21542050776864,S
1822,hat,6,photodraw_e21542220695445,S
1823,hat,6,photodraw_e21542224218088,P
1824,hat,6,photodraw_e21545255128573,S
1825,hat,6,photodraw_e21547073155004,S
1826,hat,6,photodraw_e21547230596884,S
1827,hat,6,photodraw_e21547232670235,P
1828,hat,6,photodraw_e21547237271293,P
1829,hat,6,photodraw_e21547238095569,P
1830,hat,6,photodraw_e21547240775263,S
1831,hat,6,photodraw_e21547668018017,S
1832,hat,6,photodraw_e21547834597252,S
1833,hat,6,photodraw_e21547836732785,P
1834,hat,6,photodraw_e21547845453981,S
1835,hat,6,photodraw_e21547849081297,S
1836,hat,6,photodraw_e21548094649748,S
1837,hat,6,photodraw_e21548097384364,S
1838,hat,7,IPAD1_THU7F15,P
1839,hat,7,IPAD1_THU7F31,S
1840,hat,7,IPAD1_THU7F39,P
1841,hat,7,IPAD1_THU7F40,P
1842,hat,7,IPAD1_THU7F41,P
1843,hat,7,IPAD1_THU7F42,P
1844,hat,7,IPAD1_THU7M17,P
1845,hat,7,IPAD1_THU7M18,S
1846,hat,7,IPAD1_THU7M45,P
1847,hat,7,IPAD1_THU7M46,P
1848,hat,7,IPAD1_THU8F29,P
1849,hat,7,IPAD1_THU8F33,P
1850,hat,7,IPAD1_THU8M16,S
1851,hat,7,IPAD2_THU6M4,S
1852,hat,7,IPAD2_THU7M17,P
1853,hat,7,IPAD2_THU7M18,S
1854,hat,7,IPAD2_THU8M16,S
1855,hat,7,IPAD3_THU7F11,P
1856,hat,7,IPAD_THU6F13,S
1857,hat,7,IPAD_THU7M12,S
1858,hat,7,photodraw_e21542049475400,S
1859,hat,7,photodraw_e21542224706912,P
1860,hat,7,photodraw_e21544820627246,P
1861,hat,7,photodraw_e21545255476223,S
1862,hat,7,photodraw_e21547061122742,P
1863,hat,7,photodraw_e21547069129052,S
1864,hat,7,photodraw_e21547242571962,P
1865,hat,7,photodraw_e21547247873170,S
1866,hat,7,photodraw_e21547667337924,P
1867,hat,7,photodraw_e21547844653939,S
1868,hat,7,photodraw_e21547848462737,P
1869,hat,7,photodraw_e21548096758313,S
1870,hat,7,photodraw_e21548098146005,S
1871,hat,7,photodraw_e21548098930405,P
1872,hat,7,photodraw_e21548106388954,S
1873,hat,7,photodraw_e21548107987673,P
1874,hat,7,photodraw_e21548441283760,S
1875,hat,7,photodraw_e21548451831175,S
1876,hat,7,photodraw_e21548873811739,P
1877,hat,7,photodraw_e21548958550335,P
1878,hat,8,IPAD1_THU8F13,S
1879,hat,8,IPAD1_THU8F14,P
1880,hat,8,IPAD1_THU8F34,P
1881,hat,8,IPAD1_THU8M36,S
1882,hat,8,IPAD1_THU8M37,S
1883,hat,8,IPAD1_THU9F2,S
1884,hat,8,IPAD1_THU9F38,S
1885,hat,8,IPAD1_THU9M1,P
1886,hat,8,IPAD2_THU8F12,P
1887,hat,8,IPAD2_THU8F14,S
1888,hat,8,IPAD2_THU8F24,S
1889,hat,8,IPAD2_THU8F34,P
1890,hat,8,IPAD2_THU8F36,P
1891,hat,8,IPAD2_THU9F22,P
1892,hat,8,IPAD3_THU8F16,S
1893,hat,8,IPAD3_THU8M1,P
1894,hat,8,IPAD3_THU8M14,P
1895,hat,8,IPAD3_THU8M17,P
1896,hat,8,IPAD3_THU8M17,S
1897,hat,8,IPAD4_THU8F1,S
1898,hat,8,IPAD4_THU8F11,P
1899,hat,8,IPAD4_THU8F13,S
1900,hat,8,IPAD4_THU8M12,S
1901,hat,8,IPAD5_THU9M2,P
1902,hat,8,IPAD_THU8M21,P
1903,hat,8,photodraw_e21542229353364,S
1904,hat,8,photodraw_e21545166957201,S
1905,hat,8,photodraw_e21547232289747,S
1906,hat,8,photodraw_e21547238752953,P
1907,hat,8,photodraw_e21547674347301,S
1908,hat,8,photodraw_e21547677339884,S
1909,hat,8,photodraw_e21547845878342,P
1910,hat,8,photodraw_e21547849501667,P
1911,hat,8,photodraw_e21548096119835,S
1912,hat,8,photodraw_e21548100335223,S
1913,hat,8,photodraw_e21548104824451,P
1914,hat,8,photodraw_e21548105648196,P
1915,hat,8,photodraw_e21548449754672,P
1916,hat,8,photodraw_e21549650853022,P
1917,hat,8,photodraw_e21550687622483,S
1918,hat,8,photodraw_e21550689187843,P
1919,hat,8,photodraw_e21550690726876,S
1920,hat,8,photodraw_e21550694845595,P
1921,hat,8,photodraw_e21550696453174,S
1922,hat,8,photodraw_e21550698482522,P
1923,hat,9,IPAD1_THU9F49,S
1924,hat,9,IPAD1_THU9M11,P
1925,hat,9,IPAD1_THU9M12,P
1926,hat,9,IPAD1_THU9M2,P
1927,hat,9,IPAD1_THU9M47,P
1928,hat,9,IPAD2_THU9F35,P
1929,hat,9,IPAD2_THU9F38,P
1930,hat,9,IPAD2_THU9M13,P
1931,hat,9,IPAD2_THU9M23,P
1932,hat,9,IPAD2_THU9M3,P
1933,hat,9,IPAD2_THU9M37,P
1934,hat,9,IPAD2_THU9M39,P
1935,hat,9,IPAD3_THU9F1,S
1936,hat,9,IPAD3_THU9F18,S
1937,hat,9,IPAD3_THU9M15,S
1938,hat,9,IPAD3_THU9M2,S
1939,hat,9,IPAD3_THU9M22,S
1940,hat,9,IPAD5_THU9M5,P
1941,hat,9,photodraw_e21550773711411,P
1942,hat,9,photodraw_e21552764741235,P
1943,hat,9,photodraw_e21552765156167,S
1944,hat,9,photodraw_e21552766577513,S
1945,hat,9,photodraw_e21553292202608,P
1946,hat,9,photodraw_e21553637857619,P
1947,hat,9,photodraw_e21553793354436,P
1948,hat,9,photodraw_e21553797665751,P
1949,hat,9,photodraw_e21553889536940,P
1950,hat,9,photodraw_e21554324047717,S
1951,hat,9,photodraw_e21554499556910,S
1952,hat,9,photodraw_e21554930039176,P
1953,hat,9,photodraw_e21555004796019,S
1954,hat,9,photodraw_e21555014219148,P
1955,hat,9,photodraw_e21555102208611,S
1956,hat,9,photodraw_e21555523952200,P
1957,hat,9,photodraw_e21555531146821,P
1958,hat,9,photodraw_e21555533816883,S
1959,hat,9,photodraw_e21556226883192,P
1960,hat,9,photodraw_e21556311534736,S
1961,hat,10,IPAD1_THU10F40,S
1962,hat,10,IPAD2_THU10M11,S
1963,house,4,IPAD1_THU4F10,S
1964,house,4,IPAD1_THU4F6,S
1965,house,4,IPAD1_THU4F8,S
1966,house,4,IPAD1_THU4M5,S
1967,house,4,IPAD1_THU4M7,S
1968,house,4,IPAD1_THU4M9,S
1969,house,4,IPAD1_THU5M4,P
1970,house,4,IPAD2_THU4F03,P
1971,house,4,IPAD2_THU4F09,S
1972,house,4,IPAD2_THU4M04,P
1973,house,4,IPAD2_THU5M03,P
1974,house,4,IPAD2_THU5M03,S
1975,house,4,IPAD3_THU4F6,P
1976,house,4,IPAD3_THU4F8,P
1977,house,4,IPAD3_THU4M10,S
1978,house,4,IPAD3_THU4M5,S
1979,house,4,IPAD3_THU4M9,P
1980,house,4,IPAD4_THU4F8,S
1981,house,4,IPAD4_THU4F9,S
1982,house,4,IPAD4_THU4M7,S
1983,house,4,IPAD4_THU5M5,P
1984,house,4,IPAD5_THU4F8,S
1985,house,4,IPAD5_THU4M10,S
1986,house,4,IPAD5_THU4M5,S
1987,house,4,IPAD5_THU4M7,S
1988,house,4,IPAD_THU5F6,S
1989,house,4,photodraw_e21540576907849,S
1990,house,4,photodraw_e21541799408496,S
1991,house,4,photodraw_e21547060282520,P
1992,house,4,photodraw_e21547070395780,S
1993,house,4,photodraw_e21547071853117,P
1994,house,4,photodraw_e21547241159990,S
1995,house,4,photodraw_e21547242197593,S
1996,house,4,photodraw_e21547243566891,P
1997,house,4,photodraw_e21547246292717,S
1998,house,4,photodraw_e21547663022993,P
1999,house,4,photodraw_e21547664938821,P
2000,house,4,photodraw_e21547668526141,P
2001,house,4,photodraw_e21547672389753,S
2002,house,4,photodraw_e21547673281903,P
2003,house,4,photodraw_e21547836177154,P
2004,house,4,photodraw_e21547849860466,P
2005,house,4,photodraw_e21548445362792,S
2006,house,4,photodraw_e21548451296118,S
2007,house,4,photodraw_e21548455224165,S
2008,house,4,photodraw_e21549564465088,S
2009,house,5,IPAD1_THU5F2,P
2010,house,5,IPAD1_THU5F3,S
2011,house,5,IPAD1_THU5M1,P
2012,house,5,IPAD2_THU5M01,P
2013,house,5,IPAD3_THU5F2,P
2014,house,5,IPAD3_THU5M1,P
2015,house,5,IPAD3_THU5M3,S
2016,house,5,IPAD3_THU5M7,P
2017,house,5,IPAD4_THU5F2,S
2018,house,5,IPAD4_THU5F6,S
2019,house,5,IPAD4_THU5M3,S
2020,house,5,IPAD4_THU6F4,S
2021,house,5,IPAD5_THU5F2,S
2022,house,5,IPAD5_THU5F3,S
2023,house,5,IPAD5_THU5M9,P
2024,house,5,IPAD5_THU6M1,P
2025,house,5,IPAD5_THU6M4,P
2026,house,5,photodraw_e21541191137910,P
2027,house,5,photodraw_e21541195324779,P
2028,house,5,photodraw_e21541616746618,P
2029,house,5,photodraw_e21542047659207,S
2030,house,5,photodraw_e21542049031572,S
2031,house,5,photodraw_e21542053241209,S
2032,house,5,photodraw_e21542057631101,S
2033,house,5,photodraw_e21542061442525,S
2034,house,5,photodraw_e21542218678125,S
2035,house,5,photodraw_e21542223602317,S
2036,house,5,photodraw_e21542225408593,S
2037,house,5,photodraw_e21543430495947,P
2038,house,5,photodraw_e21543432563054,S
2039,house,5,photodraw_e21544206692186,S
2040,house,5,photodraw_e21544647022478,P
2041,house,5,photodraw_e21544819304302,P
2042,house,5,photodraw_e21544821083289,S
2043,house,5,photodraw_e21547062251659,P
2044,house,5,photodraw_e21547066393058,S
2045,house,6,IPAD1_1THU6F30,S
2046,house,6,IPAD1_THU6F19,P
2047,house,6,IPAD1_THU6F20,P
2048,house,6,IPAD1_THU6F28,P
2049,house,6,IPAD1_THU6F32,P
2050,house,6,IPAD1_THU6F43,P
2051,house,6,IPAD1_THU6M21,S
2052,house,6,IPAD1_THU7M44,P
2053,house,6,IPAD2_THU6F19,S
2054,house,6,IPAD2_THU6F20,S
2055,house,6,IPAD2_THU6F32,S
2056,house,6,IPAD2_THU6M1,S
2057,house,6,IPAD2_THU6M2,S
2058,house,6,IPAD2_THU6M3,S
2059,house,6,IPAD2_THU6M30,P
2060,house,6,IPAD2_THU6M31,S
2061,house,6,IPAD3_THU6F19,P
2062,house,6,IPAD3_THU6F21,P
2063,house,6,IPAD3_THU7M20,S
2064,house,6,IPAD4_THU6M1,P
2065,house,6,photodraw_e21540577320461,P
2066,house,6,photodraw_e21541008354503,S
2067,house,6,photodraw_e21541017927896,P
2068,house,6,photodraw_e21541613545900,P
2069,house,6,photodraw_e21542050776864,S
2070,house,6,photodraw_e21542220695445,P
2071,house,6,photodraw_e21542224218088,P
2072,house,6,photodraw_e21545255128573,P
2073,house,6,photodraw_e21547073155004,P
2074,house,6,photodraw_e21547230596884,P
2075,house,6,photodraw_e21547232670235,S
2076,house,6,photodraw_e21547237271293,S
2077,house,6,photodraw_e21547238095569,S
2078,house,6,photodraw_e21547240775263,P
2079,house,6,photodraw_e21547668018017,P
2080,house,6,photodraw_e21547834597252,S
2081,house,6,photodraw_e21547836732785,S
2082,house,6,photodraw_e21547845453981,S
2083,house,6,photodraw_e21547849081297,S
2084,house,6,photodraw_e21548094649748,S
2085,house,6,photodraw_e21548097384364,S
2086,house,7,IPAD1_THU7F15,S
2087,house,7,IPAD1_THU7F39,S
2088,house,7,IPAD1_THU7F40,S
2089,house,7,IPAD1_THU7F41,P
2090,house,7,IPAD1_THU7F42,S
2091,house,7,IPAD1_THU7M17,P
2092,house,7,IPAD1_THU7M18,P
2093,house,7,IPAD1_THU7M45,P
2094,house,7,IPAD1_THU7M46,S
2095,house,7,IPAD1_THU8F29,P
2096,house,7,IPAD1_THU8F33,S
2097,house,7,IPAD1_THU8M16,S
2098,house,7,IPAD2_THU6M4,P
2099,house,7,IPAD2_THU7F15,S
2100,house,7,IPAD2_THU7M17,S
2101,house,7,IPAD2_THU7M18,S
2102,house,7,IPAD2_THU8M16,P
2103,house,7,IPAD3_THU7F11,S
2104,house,7,IPAD_THU6F13,S
2105,house,7,IPAD_THU7M12,S
2106,house,7,photodraw_e21542049475400,P
2107,house,7,photodraw_e21542224706912,S
2108,house,7,photodraw_e21544820627246,S
2109,house,7,photodraw_e21545255476223,S
2110,house,7,photodraw_e21547061122742,P
2111,house,7,photodraw_e21547069129052,P
2112,house,7,photodraw_e21547242571962,P
2113,house,7,photodraw_e21547247873170,P
2114,house,7,photodraw_e21547667337924,P
2115,house,7,photodraw_e21547844653939,S
2116,house,7,photodraw_e21547848462737,P
2117,house,7,photodraw_e21548096758313,P
2118,house,7,photodraw_e21548098146005,P
2119,house,7,photodraw_e21548098930405,S
2120,house,7,photodraw_e21548106388954,P
2121,house,7,photodraw_e21548107987673,S
2122,house,7,photodraw_e21548441283760,S
2123,house,7,photodraw_e21548451831175,S
2124,house,7,photodraw_e21548873811739,S
2125,house,7,photodraw_e21548958550335,S
2126,house,8,IPAD1_THU8F13,S
2127,house,8,IPAD1_THU8F14,P
2128,house,8,IPAD1_THU8F34,S
2129,house,8,IPAD1_THU8M35,S
2130,house,8,IPAD1_THU8M36,P
2131,house,8,IPAD1_THU8M37,P
2132,house,8,IPAD1_THU9F2,P
2133,house,8,IPAD1_THU9F38,P
2134,house,8,IPAD1_THU9M1,S
2135,house,8,IPAD2_THU8F12,S
2136,house,8,IPAD2_THU8F24,S
2137,house,8,IPAD2_THU8F34,S
2138,house,8,IPAD2_THU8F36,S
2139,house,8,IPAD2_THU9F22,S
2140,house,8,IPAD2_THU9M2,S
2141,house,8,IPAD3_THU8F16,P
2142,house,8,IPAD3_THU8M1,S
2143,house,8,IPAD3_THU8M14,S
2144,house,8,IPAD3_THU8M17,P
2145,house,8,IPAD4_THU8F1,S
2146,house,8,IPAD4_THU8F11,P
2147,house,8,IPAD4_THU8F13,S
2148,house,8,IPAD4_THU8M12,S
2149,house,8,IPAD_THU8M21,P
2150,house,8,photodraw_e21542229353364,S
2151,house,8,photodraw_e21545166957201,S
2152,house,8,photodraw_e21547232289747,S
2153,house,8,photodraw_e21547238752953,S
2154,house,8,photodraw_e21547674347301,S
2155,house,8,photodraw_e21547677339884,S
2156,house,8,photodraw_e21547845878342,S
2157,house,8,photodraw_e21547849501667,S
2158,house,8,photodraw_e21548096119835,S
2159,house,8,photodraw_e21548100335223,S
2160,house,8,photodraw_e21548104824451,S
2161,house,8,photodraw_e21548105648196,S
2162,house,8,photodraw_e21548449754672,P
2163,house,8,photodraw_e21549650853022,P
2164,house,8,photodraw_e21550687622483,P
2165,house,8,photodraw_e21550689187843,S
2166,house,8,photodraw_e21550690726876,S
2167,house,8,photodraw_e21550694845595,S
2168,house,8,photodraw_e21550696453174,S
2169,house,8,photodraw_e21550698482522,P
2170,house,9,IPAD1_THU9F49,S
2171,house,9,IPAD1_THU9M11,P
2172,house,9,IPAD1_THU9M12,P
2173,house,9,IPAD1_THU9M47,S
2174,house,9,IPAD2_THU9F35,S
2175,house,9,IPAD2_THU9F38,S
2176,house,9,IPAD2_THU9M13,S
2177,house,9,IPAD2_THU9M23,S
2178,house,9,IPAD2_THU9M37,S
2179,house,9,IPAD2_THU9M39,S
2180,house,9,IPAD3_THU9F1,S
2181,house,9,IPAD3_THU9F18,P
2182,house,9,IPAD3_THU9M2,S
2183,house,9,IPAD3_THU9M22,P
2184,house,9,IPAD5_THU9M46,S
2185,house,9,IPAD5_THU9M5,P
2186,house,9,photodraw_e21550773711411,S
2187,house,9,photodraw_e21552764741235,S
2188,house,9,photodraw_e21552765156167,P
2189,house,9,photodraw_e21552766577513,S
2190,house,9,photodraw_e21553292202608,S
2191,house,9,photodraw_e21553637857619,S
2192,house,9,photodraw_e21553793354436,S
2193,house,9,photodraw_e21553797665751,S
2194,house,9,photodraw_e21553889536940,P
2195,house,9,photodraw_e21554324047717,P
2196,house,9,photodraw_e21554499556910,P
2197,house,9,photodraw_e21554930039176,S
2198,house,9,photodraw_e21555004796019,S
2199,house,9,photodraw_e21555014219148,P
2200,house,9,photodraw_e21555102208611,S
2201,house,9,photodraw_e21555523952200,S
2202,house,9,photodraw_e21555531146821,P
2203,house,9,photodraw_e21555533816883,P
2204,house,9,photodraw_e21556226883192,S
2205,house,9,photodraw_e21556311534736,S
2206,house,10,IPAD1_THU10F40,P
2207,rabbit,4,IPAD1_THU4F10,P
2208,rabbit,4,IPAD1_THU4F6,P
2209,rabbit,4,IPAD1_THU4F8,S
2210,rabbit,4,IPAD1_THU4M5,P
2211,rabbit,4,IPAD1_THU4M7,P
2212,rabbit,4,IPAD1_THU4M9,S
2213,rabbit,4,IPAD1_THU5M4,S
2214,rabbit,4,IPAD2_THU4F03,P
2215,rabbit,4,IPAD2_THU4F09,P
2216,rabbit,4,IPAD2_THU4M04,S
2217,rabbit,4,IPAD2_THU5F04,P
2218,rabbit,4,IPAD2_THU5M03,P
2219,rabbit,4,IPAD3_THU4F8,P
2220,rabbit,4,IPAD3_THU4M10,S
2221,rabbit,4,IPAD3_THU4M9,P
2222,rabbit,4,IPAD4_THU4F8,P
2223,rabbit,4,IPAD4_THU4F9,P
2224,rabbit,4,IPAD4_THU4M7,S
2225,rabbit,4,IPAD4_THU5M5,S
2226,rabbit,4,IPAD5_THU4F8,P
2227,rabbit,4,IPAD5_THU4M10,P
2228,rabbit,4,IPAD5_THU4M7,P
2229,rabbit,4,IPAD_THU5F6,P
2230,rabbit,4,photodraw_e21540576907849,P
2231,rabbit,4,photodraw_e21541799408496,P
2232,rabbit,4,photodraw_e21547060282520,P
2233,rabbit,4,photodraw_e21547070395780,S
2234,rabbit,4,photodraw_e21547071853117,P
2235,rabbit,4,photodraw_e21547241159990,P
2236,rabbit,4,photodraw_e21547242197593,P
2237,rabbit,4,photodraw_e21547243566891,S
2238,rabbit,4,photodraw_e21547246292717,P
2239,rabbit,4,photodraw_e21547663022993,S
2240,rabbit,4,photodraw_e21547664938821,S
2241,rabbit,4,photodraw_e21547668526141,S
2242,rabbit,4,photodraw_e21547672389753,P
2243,rabbit,4,photodraw_e21547673281903,P
2244,rabbit,4,photodraw_e21547836177154,P
2245,rabbit,4,photodraw_e21547849860466,S
2246,rabbit,4,photodraw_e21548445362792,P
2247,rabbit,4,photodraw_e21548451296118,S
2248,rabbit,4,photodraw_e21548455224165,P
2249,rabbit,4,photodraw_e21549564465088,P
2250,rabbit,5,IPAD1_THU5F2,S
2251,rabbit,5,IPAD1_THU5F3,P
2252,rabbit,5,IPAD2_THU5M01,P
2253,rabbit,5,IPAD3_THU5F2,S
2254,rabbit,5,IPAD3_THU5F4,P
2255,rabbit,5,IPAD3_THU5M1,P
2256,rabbit,5,IPAD3_THU5M3,S
2257,rabbit,5,IPAD3_THU5M7,S
2258,rabbit,5,IPAD4_THU5F2,S
2259,rabbit,5,IPAD4_THU5F6,P
2260,rabbit,5,IPAD4_THU5M3,P
2261,rabbit,5,IPAD4_THU6F4,P
2262,rabbit,5,IPAD5_THU5F2,P
2263,rabbit,5,IPAD5_THU5M9,P
2264,rabbit,5,IPAD5_THU6M4,S
2265,rabbit,5,photodraw_e21541191137910,P
2266,rabbit,5,photodraw_e21541195324779,P
2267,rabbit,5,photodraw_e21541616746618,P
2268,rabbit,5,photodraw_e21542047659207,P
2269,rabbit,5,photodraw_e21542049031572,P
2270,rabbit,5,photodraw_e21542053241209,S
2271,rabbit,5,photodraw_e21542057631101,P
2272,rabbit,5,photodraw_e21542061442525,S
2273,rabbit,5,photodraw_e21542218678125,S
2274,rabbit,5,photodraw_e21542223602317,P
2275,rabbit,5,photodraw_e21542225408593,P
2276,rabbit,5,photodraw_e21543430495947,P
2277,rabbit,5,photodraw_e21543432563054,P
2278,rabbit,5,photodraw_e21544206692186,S
2279,rabbit,5,photodraw_e21544819304302,P
2280,rabbit,5,photodraw_e21544821083289,S
2281,rabbit,5,photodraw_e21545243809095,P
2282,rabbit,5,photodraw_e21547062251659,P
2283,rabbit,5,photodraw_e21547066393058,P
2284,rabbit,6,IPAD1_1THU6F30,P
2285,rabbit,6,IPAD1_THU6F19,S
2286,rabbit,6,IPAD1_THU6F20,P
2287,rabbit,6,IPAD1_THU6F28,P
2288,rabbit,6,IPAD1_THU6F32,S
2289,rabbit,6,IPAD1_THU6F43,S
2290,rabbit,6,IPAD1_THU6M21,S
2291,rabbit,6,IPAD1_THU7M44,S
2292,rabbit,6,IPAD2_THU6F19,S
2293,rabbit,6,IPAD2_THU6F20,P
2294,rabbit,6,IPAD2_THU6F32,P
2295,rabbit,6,IPAD2_THU6M1,P
2296,rabbit,6,IPAD2_THU6M2,P
2297,rabbit,6,IPAD2_THU6M3,P
2298,rabbit,6,IPAD2_THU6M30,S
2299,rabbit,6,IPAD2_THU6M31,S
2300,rabbit,6,IPAD3_THU6F19,S
2301,rabbit,6,IPAD3_THU6F21,S
2302,rabbit,6,IPAD3_THU7M20,P
2303,rabbit,6,IPAD4_THU6M1,S
2304,rabbit,6,photodraw_e21540577320461,P
2305,rabbit,6,photodraw_e21541008354503,P
2306,rabbit,6,photodraw_e21541017927896,S
2307,rabbit,6,photodraw_e21541613545900,S
2308,rabbit,6,photodraw_e21542050776864,S
2309,rabbit,6,photodraw_e21542220695445,P
2310,rabbit,6,photodraw_e21542224218088,S
2311,rabbit,6,photodraw_e21547073155004,S
2312,rabbit,6,photodraw_e21547230596884,S
2313,rabbit,6,photodraw_e21547232670235,S
2314,rabbit,6,photodraw_e21547237271293,S
2315,rabbit,6,photodraw_e21547238095569,P
2316,rabbit,6,photodraw_e21547240775263,S
2317,rabbit,6,photodraw_e21547668018017,S
2318,rabbit,6,photodraw_e21547834597252,P
2319,rabbit,6,photodraw_e21547836732785,P
2320,rabbit,6,photodraw_e21547845453981,P
2321,rabbit,6,photodraw_e21547849081297,S
2322,rabbit,6,photodraw_e21548094649748,P
2323,rabbit,6,photodraw_e21548097384364,S
2324,rabbit,7,IPAD1_THU7F15,S
2325,rabbit,7,IPAD1_THU7F31,P
2326,rabbit,7,IPAD1_THU7F39,S
2327,rabbit,7,IPAD1_THU7F40,S
2328,rabbit,7,IPAD1_THU7F41,P
2329,rabbit,7,IPAD1_THU7F42,P
2330,rabbit,7,IPAD1_THU7M17,S
2331,rabbit,7,IPAD1_THU7M18,S
2332,rabbit,7,IPAD1_THU7M45,S
2333,rabbit,7,IPAD1_THU7M46,S
2334,rabbit,7,IPAD1_THU8F29,P
2335,rabbit,7,IPAD1_THU8F33,S
2336,rabbit,7,IPAD2_THU7F15,S
2337,rabbit,7,IPAD2_THU7M17,S
2338,rabbit,7,IPAD2_THU7M18,S
2339,rabbit,7,IPAD2_THU8M16,S
2340,rabbit,7,IPAD3_THU7F11,P
2341,rabbit,7,IPAD_THU6F13,P
2342,rabbit,7,IPAD_THU7M12,S
2343,rabbit,7,photodraw_e21542049475400,P
2344,rabbit,7,photodraw_e21542224706912,P
2345,rabbit,7,photodraw_e21544820627246,S
2346,rabbit,7,photodraw_e21545255476223,S
2347,rabbit,7,photodraw_e21547061122742,S
2348,rabbit,7,photodraw_e21547069129052,S
2349,rabbit,7,photodraw_e21547242571962,S
2350,rabbit,7,photodraw_e21547247873170,P
2351,rabbit,7,photodraw_e21547667337924,S
2352,rabbit,7,photodraw_e21547844653939,S
2353,rabbit,7,photodraw_e21547848462737,S
2354,rabbit,7,photodraw_e21548096758313,P
2355,rabbit,7,photodraw_e21548098146005,P
2356,rabbit,7,photodraw_e21548098930405,P
2357,rabbit,7,photodraw_e21548106388954,S
2358,rabbit,7,photodraw_e21548107987673,P
2359,rabbit,7,photodraw_e21548441283760,P
2360,rabbit,7,photodraw_e21548451831175,P
2361,rabbit,7,photodraw_e21548873811739,P
2362,rabbit,7,photodraw_e21548958550335,S
2363,rabbit,8,IPAD1_THU8F13,P
2364,rabbit,8,IPAD1_THU8F14,S
2365,rabbit,8,IPAD1_THU8F34,P
2366,rabbit,8,IPAD1_THU8M35,S
2367,rabbit,8,IPAD1_THU8M36,S
2368,rabbit,8,IPAD1_THU8M37,P
2369,rabbit,8,IPAD1_THU9F2,P
2370,rabbit,8,IPAD1_THU9F38,P
2371,rabbit,8,IPAD1_THU9M1,P
2372,rabbit,8,IPAD2_THU8F12,S
2373,rabbit,8,IPAD2_THU8F14,S
2374,rabbit,8,IPAD2_THU8F34,S
2375,rabbit,8,IPAD2_THU8F36,S
2376,rabbit,8,IPAD2_THU9F22,S
2377,rabbit,8,IPAD2_THU9M2,P
2378,rabbit,8,IPAD3_THU8F16,P
2379,rabbit,8,IPAD3_THU8M1,S
2380,rabbit,8,IPAD3_THU8M14,S
2381,rabbit,8,IPAD3_THU8M17,S
2382,rabbit,8,IPAD4_THU8F1,P
2383,rabbit,8,IPAD4_THU8F11,P
2384,rabbit,8,IPAD4_THU8F13,P
2385,rabbit,8,IPAD4_THU8M12,P
2386,rabbit,8,IPAD5_THU9M2,P
2387,rabbit,8,IPAD_THU8M21,P
2388,rabbit,8,photodraw_e21542229353364,P
2389,rabbit,8,photodraw_e21545166957201,P
2390,rabbit,8,photodraw_e21547232289747,P
2391,rabbit,8,photodraw_e21547238752953,P
2392,rabbit,8,photodraw_e21547674347301,S
2393,rabbit,8,photodraw_e21547677339884,P
2394,rabbit,8,photodraw_e21547845878342,S
2395,rabbit,8,photodraw_e21547849501667,P
2396,rabbit,8,photodraw_e21548096119835,S
2397,rabbit,8,photodraw_e21548100335223,P
2398,rabbit,8,photodraw_e21548104824451,P
2399,rabbit,8,photodraw_e21548105648196,P
2400,rabbit,8,photodraw_e21548449754672,S
2401,rabbit,8,photodraw_e21549650853022,S
2402,rabbit,8,photodraw_e21550687622483,P
2403,rabbit,8,photodraw_e21550689187843,P
2404,rabbit,8,photodraw_e21550690726876,P
2405,rabbit,8,photodraw_e21550694845595,P
2406,rabbit,8,photodraw_e21550696453174,S
2407,rabbit,8,photodraw_e21550698482522,S
2408,rabbit,9,IPAD1_THU9M11,S
2409,rabbit,9,IPAD1_THU9M12,S
2410,rabbit,9,IPAD1_THU9M2,S
2411,rabbit,9,IPAD1_THU9M47,S
2412,rabbit,9,IPAD2_THU9F35,P
2413,rabbit,9,IPAD2_THU9F38,S
2414,rabbit,9,IPAD2_THU9M13,P
2415,rabbit,9,IPAD2_THU9M3,S
2416,rabbit,9,IPAD2_THU9M37,S
2417,rabbit,9,IPAD2_THU9M39,S
2418,rabbit,9,IPAD3_THU9F1,P
2419,rabbit,9,IPAD3_THU9F18,P
2420,rabbit,9,IPAD3_THU9M15,S
2421,rabbit,9,IPAD3_THU9M2,S
2422,rabbit,9,IPAD3_THU9M22,S
2423,rabbit,9,IPAD5_THU9M46,P
2424,rabbit,9,IPAD5_THU9M5,S
2425,rabbit,9,photodraw_e21550773711411,S
2426,rabbit,9,photodraw_e21552764741235,P
2427,rabbit,9,photodraw_e21552765156167,S
2428,rabbit,9,photodraw_e21552766577513,S
2429,rabbit,9,photodraw_e21553292202608,P
2430,rabbit,9,photodraw_e21553637857619,S
2431,rabbit,9,photodraw_e21553793354436,P
2432,rabbit,9,photodraw_e21553797665751,P
2433,rabbit,9,photodraw_e21553889536940,P
2434,rabbit,9,photodraw_e21554324047717,P
2435,rabbit,9,photodraw_e21554499556910,P
2436,rabbit,9,photodraw_e21554930039176,P
2437,rabbit,9,photodraw_e21555004796019,P
2438,rabbit,9,photodraw_e21555014219148,S
2439,rabbit,9,photodraw_e21555102208611,S
2440,rabbit,9,photodraw_e21555523952200,S
2441,rabbit,9,photodraw_e21555531146821,S
2442,rabbit,9,photodraw_e21555533816883,P
2443,rabbit,9,photodraw_e21556226883192,S
2444,rabbit,9,photodraw_e21556311534736,S
2445,rabbit,10,IPAD1_THU10F40,P
2446,rabbit,10,IPAD2_THU10M11,P
2447,tree,4,IPAD1_THU4F10,P
2448,tree,4,IPAD1_THU4F6,P
2449,tree,4,IPAD1_THU4F8,P
2450,tree,4,IPAD1_THU4M5,P
2451,tree,4,IPAD1_THU4M7,P
2452,tree,4,IPAD1_THU4M9,S
2453,tree,4,IPAD1_THU5M4,P
2454,tree,4,IPAD2_THU4F09,S
2455,tree,4,IPAD2_THU4M04,S
2456,tree,4,IPAD2_THU5F04,S
2457,tree,4,IPAD2_THU5M03,S
2458,tree,4,IPAD3_THU4F6,S
2459,tree,4,IPAD3_THU4F8,S
2460,tree,4,IPAD3_THU4M10,P
2461,tree,4,IPAD3_THU4M5,P
2462,tree,4,IPAD3_THU4M9,S
2463,tree,4,IPAD4_THU4F8,S
2464,tree,4,IPAD4_THU4F9,S
2465,tree,4,IPAD4_THU4M7,S
2466,tree,4,IPAD4_THU5M5,P
2467,tree,4,IPAD5_THU4F8,P
2468,tree,4,IPAD5_THU4M5,S
2469,tree,4,IPAD5_THU4M7,P
2470,tree,4,IPAD_THU5F6,P
2471,tree,4,photodraw_e21540576907849,P
2472,tree,4,photodraw_e21541799408496,P
2473,tree,4,photodraw_e21547060282520,P
2474,tree,4,photodraw_e21547070395780,S
2475,tree,4,photodraw_e21547071853117,S
2476,tree,4,photodraw_e21547241159990,S
2477,tree,4,photodraw_e21547242197593,S
2478,tree,4,photodraw_e21547243566891,P
2479,tree,4,photodraw_e21547246292717,S
2480,tree,4,photodraw_e21547663022993,P
2481,tree,4,photodraw_e21547664938821,P
2482,tree,4,photodraw_e21547668526141,P
2483,tree,4,photodraw_e21547672389753,P
2484,tree,4,photodraw_e21547673281903,P
2485,tree,4,photodraw_e21547836177154,S
2486,tree,4,photodraw_e21547849860466,S
2487,tree,4,photodraw_e21548445362792,S
2488,tree,4,photodraw_e21548451296118,S
2489,tree,4,photodraw_e21548455224165,P
2490,tree,4,photodraw_e21549564465088,P
2491,tree,5,IPAD1_THU5F2,S
2492,tree,5,IPAD1_THU5F3,S
2493,tree,5,IPAD1_THU5M1,P
2494,tree,5,IPAD2_THU5M01,S
2495,tree,5,IPAD3_THU5F2,P
2496,tree,5,IPAD3_THU5F4,S
2497,tree,5,IPAD3_THU5M1,P
2498,tree,5,IPAD3_THU5M3,S
2499,tree,5,IPAD3_THU5M7,S
2500,tree,5,IPAD4_THU5F2,S
2501,tree,5,IPAD4_THU5F6,S
2502,tree,5,IPAD4_THU5M3,S
2503,tree,5,IPAD4_THU6F4,P
2504,tree,5,IPAD5_THU5F2,P
2505,tree,5,IPAD5_THU5F3,P
2506,tree,5,IPAD5_THU5M9,S
2507,tree,5,IPAD5_THU6M1,S
2508,tree,5,IPAD5_THU6M4,S
2509,tree,5,photodraw_e21541191137910,P
2510,tree,5,photodraw_e21541195324779,P
2511,tree,5,photodraw_e21541616746618,S
2512,tree,5,photodraw_e21542047659207,P
2513,tree,5,photodraw_e21542049031572,S
2514,tree,5,photodraw_e21542053241209,S
2515,tree,5,photodraw_e21542057631101,S
2516,tree,5,photodraw_e21542061442525,P
2517,tree,5,photodraw_e21542218678125,P
2518,tree,5,photodraw_e21542223602317,S
2519,tree,5,photodraw_e21542225408593,S
2520,tree,5,photodraw_e21543430495947,P
2521,tree,5,photodraw_e21543432563054,P
2522,tree,5,photodraw_e21544206692186,P
2523,tree,5,photodraw_e21544647022478,S
2524,tree,5,photodraw_e21544819304302,S
2525,tree,5,photodraw_e21544821083289,S
2526,tree,5,photodraw_e21547062251659,P
2527,tree,5,photodraw_e21547066393058,S
2528,tree,6,IPAD1_1THU6F30,S
2529,tree,6,IPAD1_THU6F19,S
2530,tree,6,IPAD1_THU6F20,P
2531,tree,6,IPAD1_THU6F28,P
2532,tree,6,IPAD1_THU6F32,P
2533,tree,6,IPAD1_THU6F43,P
2534,tree,6,IPAD1_THU6M21,S
2535,tree,6,IPAD1_THU7M44,S
2536,tree,6,IPAD2_THU6F19,S
2537,tree,6,IPAD2_THU6F20,P
2538,tree,6,IPAD2_THU6F32,P
2539,tree,6,IPAD2_THU6M1,S
2540,tree,6,IPAD2_THU6M2,P
2541,tree,6,IPAD2_THU6M3,S
2542,tree,6,IPAD2_THU6M30,P
2543,tree,6,IPAD2_THU6M31,P
2544,tree,6,IPAD3_THU6F19,P
2545,tree,6,IPAD3_THU6F21,P
2546,tree,6,IPAD3_THU7M20,P
2547,tree,6,IPAD4_THU6M1,S
2548,tree,6,photodraw_e21540577320461,P
2549,tree,6,photodraw_e21541008354503,S
2550,tree,6,photodraw_e21541017927896,S
2551,tree,6,photodraw_e21541613545900,S
2552,tree,6,photodraw_e21542050776864,P
2553,tree,6,photodraw_e21542220695445,S
2554,tree,6,photodraw_e21542224218088,S
2555,tree,6,photodraw_e21545255128573,S
2556,tree,6,photodraw_e21547073155004,S
2557,tree,6,photodraw_e21547230596884,P
2558,tree,6,photodraw_e21547232670235,P
2559,tree,6,photodraw_e21547237271293,P
2560,tree,6,photodraw_e21547238095569,S
2561,tree,6,photodraw_e21547240775263,S
2562,tree,6,photodraw_e21547668018017,S
2563,tree,6,photodraw_e21547834597252,S
2564,tree,6,photodraw_e21547836732785,S
2565,tree,6,photodraw_e21547845453981,S
2566,tree,6,photodraw_e21547849081297,P
2567,tree,6,photodraw_e21548094649748,P
2568,tree,6,photodraw_e21548097384364,P
2569,tree,7,IPAD1_THU7F31,P
2570,tree,7,IPAD1_THU7F39,S
2571,tree,7,IPAD1_THU7F40,S
2572,tree,7,IPAD1_THU7F41,S
2573,tree,7,IPAD1_THU7F42,P
2574,tree,7,IPAD1_THU7M17,S
2575,tree,7,IPAD1_THU7M18,S
2576,tree,7,IPAD1_THU7M45,S
2577,tree,7,IPAD1_THU7M46,S
2578,tree,7,IPAD1_THU8F29,P
2579,tree,7,IPAD1_THU8F33,S
2580,tree,7,IPAD1_THU8M16,S
2581,tree,7,IPAD2_THU6M4,S
2582,tree,7,IPAD2_THU7F15,P
2583,tree,7,IPAD2_THU7M17,S
2584,tree,7,IPAD2_THU7M18,S
2585,tree,7,IPAD3_THU7F11,S
2586,tree,7,IPAD_THU6F13,P
2587,tree,7,photodraw_e21542049475400,S
2588,tree,7,photodraw_e21542224706912,S
2589,tree,7,photodraw_e21544820627246,P
2590,tree,7,photodraw_e21545255476223,S
2591,tree,7,photodraw_e21547061122742,S
2592,tree,7,photodraw_e21547069129052,P
2593,tree,7,photodraw_e21547242571962,P
2594,tree,7,photodraw_e21547247873170,S
2595,tree,7,photodraw_e21547667337924,S
2596,tree,7,photodraw_e21547844653939,P
2597,tree,7,photodraw_e21547848462737,P
2598,tree,7,photodraw_e21548096758313,P
2599,tree,7,photodraw_e21548098146005,P
2600,tree,7,photodraw_e21548098930405,P
2601,tree,7,photodraw_e21548106388954,S
2602,tree,7,photodraw_e21548107987673,S
2603,tree,7,photodraw_e21548441283760,P
2604,tree,7,photodraw_e21548451831175,P
2605,tree,7,photodraw_e21548873811739,S
2606,tree,7,photodraw_e21548958550335,P
2607,tree,8,IPAD1_THU8F13,S
2608,tree,8,IPAD1_THU8F14,P
2609,tree,8,IPAD1_THU8F34,P
2610,tree,8,IPAD1_THU8M35,P
2611,tree,8,IPAD1_THU8M36,S
2612,tree,8,IPAD1_THU8M37,S
2613,tree,8,IPAD1_THU9F2,S
2614,tree,8,IPAD1_THU9F38,S
2615,tree,8,IPAD1_THU9M1,S
2616,tree,8,IPAD2_THU8F12,P
2617,tree,8,IPAD2_THU8F14,S
2618,tree,8,IPAD2_THU8F24,P
2619,tree,8,IPAD2_THU8F36,S
2620,tree,8,IPAD2_THU9F22,S
2621,tree,8,IPAD2_THU9M2,S
2622,tree,8,IPAD3_THU8F16,S
2623,tree,8,IPAD3_THU8M1,P
2624,tree,8,IPAD3_THU8M14,P
2625,tree,8,IPAD3_THU8M17,P
2626,tree,8,IPAD4_THU8F1,P
2627,tree,8,IPAD4_THU8F11,S
2628,tree,8,IPAD4_THU8F13,S
2629,tree,8,IPAD4_THU8M12,S
2630,tree,8,IPAD5_THU9M2,P
2631,tree,8,IPAD_THU8M21,S
2632,tree,8,photodraw_e21542229353364,S
2633,tree,8,photodraw_e21545166957201,S
2634,tree,8,photodraw_e21547232289747,S
2635,tree,8,photodraw_e21547238752953,P
2636,tree,8,photodraw_e21547674347301,P
2637,tree,8,photodraw_e21547677339884,S
2638,tree,8,photodraw_e21547845878342,S
2639,tree,8,photodraw_e21547849501667,S
2640,tree,8,photodraw_e21548096119835,S
2641,tree,8,photodraw_e21548100335223,P
2642,tree,8,photodraw_e21548104824451,S
2643,tree,8,photodraw_e21548105648196,P
2644,tree,8,photodraw_e21548449754672,P
2645,tree,8,photodraw_e21549650853022,S
2646,tree,8,photodraw_e21550687622483,S
2647,tree,8,photodraw_e21550689187843,S
2648,tree,8,photodraw_e21550690726876,S
2649,tree,8,photodraw_e21550694845595,P
2650,tree,8,photodraw_e21550696453174,P
2651,tree,8,photodraw_e21550698482522,S
2652,tree,9,IPAD1_THU9F49,S
2653,tree,9,IPAD1_THU9M11,S
2654,tree,9,IPAD1_THU9M12,S
2655,tree,9,IPAD1_THU9M2,P
2656,tree,9,IPAD1_THU9M47,P
2657,tree,9,IPAD2_THU9F35,S
2658,tree,9,IPAD2_THU9F38,S
2659,tree,9,IPAD2_THU9M13,S
2660,tree,9,IPAD2_THU9M23,S
2661,tree,9,IPAD2_THU9M3,S
2662,tree,9,IPAD2_THU9M37,S
2663,tree,9,IPAD2_THU9M39,S
2664,tree,9,IPAD3_THU9F1,S
2665,tree,9,IPAD3_THU9F18,P
2666,tree,9,IPAD3_THU9M15,S
2667,tree,9,IPAD3_THU9M2,P
2668,tree,9,IPAD3_THU9M22,P
2669,tree,9,IPAD5_THU9M46,P
2670,tree,9,IPAD5_THU9M5,P
2671,tree,9,photodraw_e21550773711411,P
2672,tree,9,photodraw_e21552764741235,S
2673,tree,9,photodraw_e21552765156167,P
2674,tree,9,photodraw_e21552766577513,P
2675,tree,9,photodraw_e21553292202608,S
2676,tree,9,photodraw_e21553637857619,S
2677,tree,9,photodraw_e21553793354436,S
2678,tree,9,photodraw_e21553797665751,P
2679,tree,9,photodraw_e21553889536940,P
2680,tree,9,photodraw_e21554324047717,S
2681,tree,9,photodraw_e21554499556910,P
2682,tree,9,photodraw_e21554930039176,S
2683,tree,9,photodraw_e21555004796019,P
2684,tree,9,photodraw_e21555014219148,P
2685,tree,9,photodraw_e21555102208611,P
2686,tree,9,photodraw_e21555523952200,P
2687,tree,9,photodraw_e21555531146821,P
2688,tree,9,photodraw_e21555533816883,P
2689,tree,9,photodraw_e21556226883192,P
2690,tree,9,photodraw_e21556311534736,S
2691,tree,10,IPAD1_THU10F40,S
2692,tree,10,IPAD2_THU10M11,P
2693,watch,4,IPAD1_THU4F10,P
2694,watch,4,IPAD1_THU4F6,S
2695,watch,4,IPAD1_THU4M5,P
2696,watch,4,IPAD1_THU4M7,S
2697,watch,4,IPAD1_THU4M9,P
2698,watch,4,IPAD1_THU5M4,P
2699,watch,4,IPAD2_THU4F03,S
2700,watch,4,IPAD2_THU4F09,S
2701,watch,4,IPAD2_THU4M04,P
2702,watch,4,IPAD2_THU5F04,S
2703,watch,4,IPAD2_THU5M03,P
2704,watch,4,IPAD2_THU5M03,S
2705,watch,4,IPAD3_THU4F6,P
2706,watch,4,IPAD3_THU4F8,S
2707,watch,4,IPAD3_THU4M10,S
2708,watch,4,IPAD3_THU4M5,S
2709,watch,4,IPAD3_THU4M9,S
2710,watch,4,IPAD4_THU4F8,S
2711,watch,4,IPAD4_THU4F9,P
2712,watch,4,IPAD4_THU4M7,S
2713,watch,4,IPAD4_THU5M5,S
2714,watch,4,IPAD5_THU4F8,P
2715,watch,4,IPAD5_THU4M10,S
2716,watch,4,IPAD5_THU4M7,S
2717,watch,4,IPAD_THU5F6,S
2718,watch,4,photodraw_e21540576907849,P
2719,watch,4,photodraw_e21541799408496,S
2720,watch,4,photodraw_e21547060282520,P
2721,watch,4,photodraw_e21547070395780,S
2722,watch,4,photodraw_e21547071853117,S
2723,watch,4,photodraw_e21547241159990,S
2724,watch,4,photodraw_e21547242197593,P
2725,watch,4,photodraw_e21547243566891,S
2726,watch,4,photodraw_e21547246292717,P
2727,watch,4,photodraw_e21547663022993,P
2728,watch,4,photodraw_e21547664938821,S
2729,watch,4,photodraw_e21547668526141,P
2730,watch,4,photodraw_e21547672389753,S
2731,watch,4,photodraw_e21547673281903,P
2732,watch,4,photodraw_e21547836177154,S
2733,watch,4,photodraw_e21547849860466,P
2734,watch,4,photodraw_e21548445362792,S
2735,watch,4,photodraw_e21548451296118,P
2736,watch,4,photodraw_e21548455224165,P
2737,watch,4,photodraw_e21549564465088,S
2738,watch,5,IPAD1_THU5F2,S
2739,watch,5,IPAD1_THU5F3,S
2740,watch,5,IPAD1_THU5M1,S
2741,watch,5,IPAD2_THU5M01,S
2742,watch,5,IPAD3_THU5F2,S
2743,watch,5,IPAD3_THU5F4,S
2744,watch,5,IPAD3_THU5M1,S
2745,watch,5,IPAD3_THU5M3,P
2746,watch,5,IPAD3_THU5M7,P
2747,watch,5,IPAD4_THU5F2,S
2748,watch,5,IPAD4_THU5F6,S
2749,watch,5,IPAD4_THU5M3,P
2750,watch,5,IPAD5_THU5F2,S
2751,watch,5,IPAD5_THU5F3,S
2752,watch,5,IPAD5_THU5M9,S
2753,watch,5,IPAD5_THU6M1,P
2754,watch,5,IPAD5_THU6M4,P
2755,watch,5,photodraw_e21541191137910,S
2756,watch,5,photodraw_e21541195324779,S
2757,watch,5,photodraw_e21541616746618,S
2758,watch,5,photodraw_e21542047659207,P
2759,watch,5,photodraw_e21542049031572,P
2760,watch,5,photodraw_e21542053241209,P
2761,watch,5,photodraw_e21542057631101,P
2762,watch,5,photodraw_e21542061442525,P
2763,watch,5,photodraw_e21542218678125,P
2764,watch,5,photodraw_e21542223602317,P
2765,watch,5,photodraw_e21542225408593,S
2766,watch,5,photodraw_e21543430495947,S
2767,watch,5,photodraw_e21543432563054,P
2768,watch,5,photodraw_e21544206692186,P
2769,watch,5,photodraw_e21544647022478,S
2770,watch,5,photodraw_e21544819304302,S
2771,watch,5,photodraw_e21544821083289,S
2772,watch,5,photodraw_e21545243809095,P
2773,watch,5,photodraw_e21547062251659,P
2774,watch,5,photodraw_e21547066393058,S
2775,watch,6,IPAD1_1THU6F30,S
2776,watch,6,IPAD1_THU6F19,P
2777,watch,6,IPAD1_THU6F20,S
2778,watch,6,IPAD1_THU6F28,P
2779,watch,6,IPAD1_THU6F32,S
2780,watch,6,IPAD1_THU6F43,S
2781,watch,6,IPAD1_THU6M21,P
2782,watch,6,IPAD1_THU7M44,S
2783,watch,6,IPAD2_THU6F19,S
2784,watch,6,IPAD2_THU6F20,S
2785,watch,6,IPAD2_THU6F32,P
2786,watch,6,IPAD2_THU6M1,P
2787,watch,6,IPAD2_THU6M2,P
2788,watch,6,IPAD2_THU6M30,P
2789,watch,6,IPAD2_THU6M31,S
2790,watch,6,IPAD3_THU6F19,S
2791,watch,6,IPAD3_THU6F21,S
2792,watch,6,IPAD3_THU7M20,S
2793,watch,6,IPAD4_THU6M1,S
2794,watch,6,photodraw_e21541008354503,P
2795,watch,6,photodraw_e21541017927896,P
2796,watch,6,photodraw_e21541613545900,P
2797,watch,6,photodraw_e21542050776864,P
2798,watch,6,photodraw_e21542220695445,S
2799,watch,6,photodraw_e21542224218088,P
2800,watch,6,photodraw_e21545255128573,S
2801,watch,6,photodraw_e21547073155004,S
2802,watch,6,photodraw_e21547230596884,S
2803,watch,6,photodraw_e21547232670235,P
2804,watch,6,photodraw_e21547237271293,S
2805,watch,6,photodraw_e21547238095569,P
2806,watch,6,photodraw_e21547240775263,P
2807,watch,6,photodraw_e21547668018017,P
2808,watch,6,photodraw_e21547834597252,S
2809,watch,6,photodraw_e21547836732785,P
2810,watch,6,photodraw_e21547845453981,P
2811,watch,6,photodraw_e21547849081297,S
2812,watch,6,photodraw_e21548094649748,P
2813,watch,6,photodraw_e21548097384364,P
2814,watch,7,IPAD1_THU7F15,S
2815,watch,7,IPAD1_THU7F31,S
2816,watch,7,IPAD1_THU7F39,S
2817,watch,7,IPAD1_THU7F40,P
2818,watch,7,IPAD1_THU7F41,S
2819,watch,7,IPAD1_THU7F42,S
2820,watch,7,IPAD1_THU7M17,S
2821,watch,7,IPAD1_THU7M18,P
2822,watch,7,IPAD1_THU7M46,S
2823,watch,7,IPAD1_THU8F29,S
2824,watch,7,IPAD1_THU8F33,S
2825,watch,7,IPAD1_THU8M16,P
2826,watch,7,IPAD2_THU6M4,S
2827,watch,7,IPAD2_THU7F15,P
2828,watch,7,IPAD2_THU7M18,P
2829,watch,7,IPAD2_THU8M16,P
2830,watch,7,IPAD3_THU7F11,S
2831,watch,7,IPAD_THU6F13,P
2832,watch,7,IPAD_THU7M12,P
2833,watch,7,photodraw_e21542049475400,S
2834,watch,7,photodraw_e21542224706912,S
2835,watch,7,photodraw_e21544820627246,S
2836,watch,7,photodraw_e21545255476223,S
2837,watch,7,photodraw_e21547061122742,S
2838,watch,7,photodraw_e21547069129052,P
2839,watch,7,photodraw_e21547242571962,S
2840,watch,7,photodraw_e21547247873170,S
2841,watch,7,photodraw_e21547667337924,P
2842,watch,7,photodraw_e21547844653939,P
2843,watch,7,photodraw_e21547848462737,P
2844,watch,7,photodraw_e21548096758313,S
2845,watch,7,photodraw_e21548098146005,S
2846,watch,7,photodraw_e21548098930405,S
2847,watch,7,photodraw_e21548106388954,P
2848,watch,7,photodraw_e21548107987673,P
2849,watch,7,photodraw_e21548441283760,S
2850,watch,7,photodraw_e21548451831175,P
2851,watch,7,photodraw_e21548873811739,S
2852,watch,7,photodraw_e21548958550335,S
2853,watch,8,IPAD1_THU8F13,P
2854,watch,8,IPAD1_THU8F14,S
2855,watch,8,IPAD1_THU8F34,P
2856,watch,8,IPAD1_THU8M35,P
2857,watch,8,IPAD1_THU8M36,P
2858,watch,8,IPAD1_THU8M37,P
2859,watch,8,IPAD1_THU9F2,S
2860,watch,8,IPAD1_THU9M1,P
2861,watch,8,IPAD2_THU8F14,P
2862,watch,8,IPAD2_THU8F24,S
2863,watch,8,IPAD2_THU8F34,P
2864,watch,8,IPAD2_THU8F36,P
2865,watch,8,IPAD2_THU9F22,P
2866,watch,8,IPAD2_THU9M2,P
2867,watch,8,IPAD3_THU8F16,P
2868,watch,8,IPAD3_THU8M1,S
2869,watch,8,IPAD3_THU8M17,P
2870,watch,8,IPAD3_THU8M17,S
2871,watch,8,IPAD4_THU8F13,P
2872,watch,8,IPAD4_THU8M12,S
2873,watch,8,IPAD5_THU9M2,S
2874,watch,8,photodraw_e21542229353364,S
2875,watch,8,photodraw_e21545166957201,P
2876,watch,8,photodraw_e21547232289747,P
2877,watch,8,photodraw_e21547238752953,P
2878,watch,8,photodraw_e21547674347301,P
2879,watch,8,photodraw_e21547677339884,S
2880,watch,8,photodraw_e21547845878342,P
2881,watch,8,photodraw_e21547849501667,S
2882,watch,8,photodraw_e21548096119835,P
2883,watch,8,photodraw_e21548100335223,S
2884,watch,8,photodraw_e21548104824451,S
2885,watch,8,photodraw_e21548105648196,S
2886,watch,8,photodraw_e21548449754672,P
2887,watch,8,photodraw_e21549650853022,S
2888,watch,8,photodraw_e21550687622483,S
2889,watch,8,photodraw_e21550689187843,P
2890,watch,8,photodraw_e21550690726876,S
2891,watch,8,photodraw_e21550694845595,P
2892,watch,8,photodraw_e21550696453174,S
2893,watch,8,photodraw_e21550698482522,S
2894,watch,9,IPAD1_THU9F49,S
2895,watch,9,IPAD1_THU9M11,P
2896,watch,9,IPAD1_THU9M12,P
2897,watch,9,IPAD1_THU9M2,S
2898,watch,9,IPAD1_THU9M47,P
2899,watch,9,IPAD2_THU9F35,P
2900,watch,9,IPAD2_THU9F38,P
2901,watch,9,IPAD2_THU9M13,P
2902,watch,9,IPAD2_THU9M23,P
2903,watch,9,IPAD2_THU9M3,S
2904,watch,9,IPAD2_THU9M37,P
2905,watch,9,IPAD2_THU9M39,P
2906,watch,9,IPAD3_THU9F1,P
2907,watch,9,IPAD3_THU9F18,S
2908,watch,9,IPAD3_THU9M15,S
2909,watch,9,IPAD3_THU9M2,P
2910,watch,9,IPAD3_THU9M22,P
2911,watch,9,IPAD5_THU9M46,P
2912,watch,9,IPAD5_THU9M5,S
2913,watch,9,photodraw_e21550773711411,S
2914,watch,9,photodraw_e21552764741235,P
2915,watch,9,photodraw_e21552765156167,P
2916,watch,9,photodraw_e21552766577513,S
2917,watch,9,photodraw_e21553292202608,S
2918,watch,9,photodraw_e21553637857619,S
2919,watch,9,photodraw_e21553793354436,S
2920,watch,9,photodraw_e21553797665751,S
2921,watch,9,photodraw_e21553889536940,S
2922,watch,9,photodraw_e21554324047717,S
2923,watch,9,photodraw_e21554499556910,P
2924,watch,9,photodraw_e21554930039176,P
2925,watch,9,photodraw_e21555004796019,P
2926,watch,9,photodraw_e21555014219148,S
2927,watch,9,photodraw_e21555102208611,S
2928,watch,9,photodraw_e21555523952200,S
2929,watch,9,photodraw_e21555531146821,P
2930,watch,9,photodraw_e21555533816883,S
2931,watch,9,photodraw_e21556226883192,S
2932,watch,9,photodraw_e21556311534736,P
2933,watch,10,IPAD1_THU10F40,P
2934,watch,10,IPAD2_THU10M11,S
